partner,currency,stk_flow,sitc06,geo\time	2014 	2012 	2010 
EXT_EU,EUR,EXP,SITC0-4A,AT	61.9 	65.6 	67 
EXT_EU,EUR,EXP,SITC0-4A,BE	53.8 	85.8 	92.4 
EXT_EU,EUR,EXP,SITC0-4A,BG	57 	46.2 	54.1 
EXT_EU,EUR,EXP,SITC0-4A,CY	79.1 	60.7 	61.4 
EXT_EU,EUR,EXP,SITC0-4A,CZ	58.3 	66.7 	59.1 
EXT_EU,EUR,EXP,SITC0-4A,DE	62.5 	61.5 	65.9 
EXT_EU,EUR,EXP,SITC0-4A,DK	12.8 	14 	12.2 
EXT_EU,EUR,EXP,SITC0-4A,EA	60.7 	65.4 	64.1 
EXT_EU,EUR,EXP,SITC0-4A,EE	67.9 	62.8 	51.8 
EXT_EU,EUR,EXP,SITC0-4A,EL	60.3 	58.4 	59 
EXT_EU,EUR,EXP,SITC0-4A,ES	61.8 	63.7 	75.6 
EXT_EU,EUR,EXP,SITC0-4A,EU	50.1 	53.5 	53.2 
EXT_EU,EUR,EXP,SITC0-4A,FI	42.4 	40.7 	47.7 
EXT_EU,EUR,EXP,SITC0-4A,FR	63.8 	62.3 	58.4 
EXT_EU,EUR,EXP,SITC0-4A,HR	77.3 	: 	: 
EXT_EU,EUR,EXP,SITC0-4A,HU	45.4 	45.5 	67.8 
EXT_EU,EUR,EXP,SITC0-4A,IE	45.1 	38.9 	36.8 
EXT_EU,EUR,EXP,SITC0-4A,IT	73.1 	73.1 	70.6 
EXT_EU,EUR,EXP,SITC0-4A,LT	75.8 	79.4 	70.9 
EXT_EU,EUR,EXP,SITC0-4A,LU	99 	96.6 	94.8 
EXT_EU,EUR,EXP,SITC0-4A,LV	56.4 	49.7 	59.5 
EXT_EU,EUR,EXP,SITC0-4A,MT	13.6 	34.2 	8.7 
EXT_EU,EUR,EXP,SITC0-4A,NL	52.4 	53.8 	53.1 
EXT_EU,EUR,EXP,SITC0-4A,PL	0 	0 	0.5 
EXT_EU,EUR,EXP,SITC0-4A,PT	72.8 	72.8 	78 
EXT_EU,EUR,EXP,SITC0-4A,RO	45.3 	43.4 	38.1 
EXT_EU,EUR,EXP,SITC0-4A,SE	17.4 	14.8 	27.4 
EXT_EU,EUR,EXP,SITC0-4A,SI	85.7 	92.1 	91.2 
EXT_EU,EUR,EXP,SITC0-4A,SK	93.4 	96.5 	93.6 
EXT_EU,EUR,EXP,SITC0-4A,UK	4.6 	3.1 	3.2 
EXT_EU,EUR,EXP,SITC33,AT	54.5 	60.5 	91.9 
EXT_EU,EUR,EXP,SITC33,BE	17.1 	16.1 	21.8 
EXT_EU,EUR,EXP,SITC33,BG	0.6 	1.9 	3.1 
EXT_EU,EUR,EXP,SITC33,CY	46.1 	56.1 	73.2 
EXT_EU,EUR,EXP,SITC33,CZ	15.7 	16.1 	15.3 
EXT_EU,EUR,EXP,SITC33,DE	68 	61.6 	50.3 
EXT_EU,EUR,EXP,SITC33,DK	4.9 	3.5 	3.8 
EXT_EU,EUR,EXP,SITC33,EA	33.3 	35.7 	26.9 
EXT_EU,EUR,EXP,SITC33,EE	9.6 	10 	1.7 
EXT_EU,EUR,EXP,SITC33,EL	7.1 	14.5 	12.8 
EXT_EU,EUR,EXP,SITC33,ES	17.2 	13.9 	30.6 
EXT_EU,EUR,EXP,SITC33,EU	27.5 	28.7 	22.8 
EXT_EU,EUR,EXP,SITC33,FI	10.8 	17.6 	10.1 
EXT_EU,EUR,EXP,SITC33,FR	9.3 	20.1 	7.5 
EXT_EU,EUR,EXP,SITC33,HR	83.1 	: 	: 
EXT_EU,EUR,EXP,SITC33,HU	10.2 	12.1 	49.8 
EXT_EU,EUR,EXP,SITC33,IE	0 	0 	0.2 
EXT_EU,EUR,EXP,SITC33,IT	5.9 	22 	16.1 
EXT_EU,EUR,EXP,SITC33,LT	1.8 	1.8 	0.4 
EXT_EU,EUR,EXP,SITC33,LU	84.4 	95.1 	98.1 
EXT_EU,EUR,EXP,SITC33,LV	56.8 	7.2 	14.7 
EXT_EU,EUR,EXP,SITC33,MT	6.7 	0 	41.7 
EXT_EU,EUR,EXP,SITC33,NL	75.7 	72.2 	58.7 
EXT_EU,EUR,EXP,SITC33,PL	0 	0 	0 
EXT_EU,EUR,EXP,SITC33,PT	27.8 	27.7 	37.5 
EXT_EU,EUR,EXP,SITC33,RO	2 	1.3 	1.5 
EXT_EU,EUR,EXP,SITC33,SE	0.6 	14.6 	34.9 
EXT_EU,EUR,EXP,SITC33,SI	97.5 	77 	68 
EXT_EU,EUR,EXP,SITC33,SK	29.2 	48.4 	43.8 
EXT_EU,EUR,EXP,SITC33,UK	0.2 	0.2 	0.2 
EXT_EU,EUR,EXP,SITC5-8,AT	72.9 	74.5 	74.9 
EXT_EU,EUR,EXP,SITC5-8,BE	44.8 	46.1 	49.9 
EXT_EU,EUR,EXP,SITC5-8,BG	54 	52.9 	56 
EXT_EU,EUR,EXP,SITC5-8,CY	66.2 	53.5 	62.3 
EXT_EU,EUR,EXP,SITC5-8,CZ	49.2 	49.7 	50.2 
EXT_EU,EUR,EXP,SITC5-8,DE	61.2 	64.7 	66.4 
EXT_EU,EUR,EXP,SITC5-8,DK	26.6 	26 	26.9 
EXT_EU,EUR,EXP,SITC5-8,EA	60 	61.5 	62.2 
EXT_EU,EUR,EXP,SITC5-8,EE	72.1 	66.3 	62 
EXT_EU,EUR,EXP,SITC5-8,EL	68.7 	68.8 	70.2 
EXT_EU,EUR,EXP,SITC5-8,ES	71.9 	71.4 	74.8 
EXT_EU,EUR,EXP,SITC5-8,EU	51 	51.8 	52.8 
EXT_EU,EUR,EXP,SITC5-8,FI	65.8 	54.9 	49.7 
EXT_EU,EUR,EXP,SITC5-8,FR	52.3 	53 	53 
EXT_EU,EUR,EXP,SITC5-8,HR	69.8 	: 	: 
EXT_EU,EUR,EXP,SITC5-8,HU	51.9 	45.1 	46.6 
EXT_EU,EUR,EXP,SITC5-8,IE	11.4 	9.1 	9.5 
EXT_EU,EUR,EXP,SITC5-8,IT	75.7 	75.9 	76.6 
EXT_EU,EUR,EXP,SITC5-8,LT	66.6 	58.7 	56.5 
EXT_EU,EUR,EXP,SITC5-8,LU	58.3 	76.1 	69.6 
EXT_EU,EUR,EXP,SITC5-8,LV	70.9 	70.9 	71.6 
EXT_EU,EUR,EXP,SITC5-8,MT	23.7 	27.3 	22.3 
EXT_EU,EUR,EXP,SITC5-8,NL	52.6 	51.6 	55.7 
EXT_EU,EUR,EXP,SITC5-8,PL	0 	0 	0.3 
EXT_EU,EUR,EXP,SITC5-8,PT	70.6 	72.5 	74.3 
EXT_EU,EUR,EXP,SITC5-8,RO	64 	64.4 	63.5 
EXT_EU,EUR,EXP,SITC5-8,SE	22 	24.8 	22.8 
EXT_EU,EUR,EXP,SITC5-8,SI	78.1 	82.3 	85.2 
EXT_EU,EUR,EXP,SITC5-8,SK	82.6 	88 	81 
EXT_EU,EUR,EXP,SITC5-8,UK	4.1 	4.1 	4.1 
EXT_EU,EUR,EXP,TOTAL,AT	71.7 	73.6 	74.4 
EXT_EU,EUR,EXP,TOTAL,BE	41.4 	50.9 	51.6 
EXT_EU,EUR,EXP,TOTAL,BG	41.7 	36.7 	43.2 
EXT_EU,EUR,EXP,TOTAL,CY	67.4 	57.2 	63.5 
EXT_EU,EUR,EXP,TOTAL,CZ	49.5 	50.5 	50.5 
EXT_EU,EUR,EXP,TOTAL,DE	61.8 	64.6 	66.6 
EXT_EU,EUR,EXP,TOTAL,DK	22.7 	22.3 	22.8 
EXT_EU,EUR,EXP,TOTAL,EA	58.7 	60.3 	60.4 
EXT_EU,EUR,EXP,TOTAL,EE	63 	53.8 	44.1 
EXT_EU,EUR,EXP,TOTAL,EL	32.9 	36.6 	44.8 
EXT_EU,EUR,EXP,TOTAL,ES	62.7 	61.2 	68.3 
EXT_EU,EUR,EXP,TOTAL,EU	48.9 	50.4 	51.1 
EXT_EU,EUR,EXP,TOTAL,FI	58.9 	50.2 	48 
EXT_EU,EUR,EXP,TOTAL,FR	52.7 	52.7 	52 
EXT_EU,EUR,EXP,TOTAL,HR	73.7 	: 	: 
EXT_EU,EUR,EXP,TOTAL,HU	50 	44.4 	48.6 
EXT_EU,EUR,EXP,TOTAL,IE	14 	11.3 	10.4 
EXT_EU,EUR,EXP,TOTAL,IT	72.3 	72.6 	73 
EXT_EU,EUR,EXP,TOTAL,LT	59.4 	56.8 	48.5 
EXT_EU,EUR,EXP,TOTAL,LU	56 	74.2 	70.1 
EXT_EU,EUR,EXP,TOTAL,LV	64.6 	60.4 	66.5 
EXT_EU,EUR,EXP,TOTAL,MT	21.9 	19.2 	27.4 
EXT_EU,EUR,EXP,TOTAL,NL	56.9 	56.4 	56 
EXT_EU,EUR,EXP,TOTAL,PL	0 	0 	0.3 
EXT_EU,EUR,EXP,TOTAL,PT	65.5 	65.6 	69.3 
EXT_EU,EUR,EXP,TOTAL,RO	51.4 	52 	52.1 
EXT_EU,EUR,EXP,TOTAL,SE	20.5 	23.3 	23.9 
EXT_EU,EUR,EXP,TOTAL,SI	79.2 	83.6 	85.5 
EXT_EU,EUR,EXP,TOTAL,SK	82.7 	88.1 	81.3 
EXT_EU,EUR,EXP,TOTAL,UK	3.3 	3.5 	3.6 
EXT_EU,EUR,IMP,SITC0-4A,AT	68 	77.7 	72.1 
EXT_EU,EUR,IMP,SITC0-4A,BE	50.4 	53.7 	60.4 
EXT_EU,EUR,IMP,SITC0-4A,BG	16.1 	14.6 	17.4 
EXT_EU,EUR,IMP,SITC0-4A,CY	40.7 	37.3 	35.3 
EXT_EU,EUR,IMP,SITC0-4A,CZ	59.9 	24.6 	27.1 
EXT_EU,EUR,IMP,SITC0-4A,DE	62.4 	65.8 	63 
EXT_EU,EUR,IMP,SITC0-4A,DK	31.1 	29.3 	29.7 
EXT_EU,EUR,IMP,SITC0-4A,EA	51.9 	52.3 	55.2 
EXT_EU,EUR,IMP,SITC0-4A,EE	78.2 	75.4 	78.5 
EXT_EU,EUR,IMP,SITC0-4A,EL	27.7 	23.3 	32.1 
EXT_EU,EUR,IMP,SITC0-4A,ES	39.8 	40.1 	41.9 
EXT_EU,EUR,IMP,SITC0-4A,EU	45.3 	45.4 	47.3 
EXT_EU,EUR,IMP,SITC0-4A,FI	42.2 	41 	65.9 
EXT_EU,EUR,IMP,SITC0-4A,FR	49.7 	49.5 	55.7 
EXT_EU,EUR,IMP,SITC0-4A,HR	72.7 	: 	: 
EXT_EU,EUR,IMP,SITC0-4A,HU	14.5 	11.6 	15.5 
EXT_EU,EUR,IMP,SITC0-4A,IE	29.8 	22.7 	33.3 
EXT_EU,EUR,IMP,SITC0-4A,IT	56.6 	61 	60.1 
EXT_EU,EUR,IMP,SITC0-4A,LT	70.1 	74.2 	73.5 
EXT_EU,EUR,IMP,SITC0-4A,LU	59.4 	63.2 	52.2 
EXT_EU,EUR,IMP,SITC0-4A,LV	78.2 	73.4 	56.4 
EXT_EU,EUR,IMP,SITC0-4A,MT	31.9 	35.9 	34.5 
EXT_EU,EUR,IMP,SITC0-4A,NL	47.2 	37.8 	46.8 
EXT_EU,EUR,IMP,SITC0-4A,PL	28.9 	31 	34.6 
EXT_EU,EUR,IMP,SITC0-4A,PT	42.8 	35.9 	34 
EXT_EU,EUR,IMP,SITC0-4A,RO	49.7 	63.6 	63 
EXT_EU,EUR,IMP,SITC0-4A,SE	41.2 	36.3 	27.1 
EXT_EU,EUR,IMP,SITC0-4A,SI	69.1 	55.9 	54.7 
EXT_EU,EUR,IMP,SITC0-4A,SK	45.2 	23.1 	8.7 
EXT_EU,EUR,IMP,SITC0-4A,UK	6 	5.1 	4.8 
EXT_EU,EUR,IMP,SITC33,AT	99.9 	99.9 	99.9 
EXT_EU,EUR,IMP,SITC33,BE	4.8 	2.3 	5.4 
EXT_EU,EUR,IMP,SITC33,BG	0.5 	0.3 	0.3 
EXT_EU,EUR,IMP,SITC33,CY	11 	6.1 	4.1 
EXT_EU,EUR,IMP,SITC33,CZ	17.9 	16.3 	0.9 
EXT_EU,EUR,IMP,SITC33,DE	50.6 	49.8 	49.8 
EXT_EU,EUR,IMP,SITC33,DK	1.4 	0.7 	0.6 
EXT_EU,EUR,IMP,SITC33,EA	15.6 	23.3 	23.3 
EXT_EU,EUR,IMP,SITC33,EE	4.7 	14.6 	3.4 
EXT_EU,EUR,IMP,SITC33,EL	0.3 	0.3 	5.5 
EXT_EU,EUR,IMP,SITC33,ES	3.4 	39.2 	37.9 
EXT_EU,EUR,IMP,SITC33,EU	12.2 	18.1 	18.3 
EXT_EU,EUR,IMP,SITC33,FI	0.1 	0.9 	0.8 
EXT_EU,EUR,IMP,SITC33,FR	16.8 	17.1 	7.1 
EXT_EU,EUR,IMP,SITC33,HR	1.2 	: 	: 
EXT_EU,EUR,IMP,SITC33,HU	1.2 	0.2 	0.1 
EXT_EU,EUR,IMP,SITC33,IE	6.7 	18.3 	18 
EXT_EU,EUR,IMP,SITC33,IT	0.8 	28.2 	33.1 
EXT_EU,EUR,IMP,SITC33,LT	2.7 	1.9 	0.9 
EXT_EU,EUR,IMP,SITC33,LU	35.8 	89.1 	72.1 
EXT_EU,EUR,IMP,SITC33,LV	23.9 	17.3 	14 
EXT_EU,EUR,IMP,SITC33,MT	5.6 	7.8 	21.6 
EXT_EU,EUR,IMP,SITC33,NL	6.8 	4.4 	8.3 
EXT_EU,EUR,IMP,SITC33,PL	1.2 	0.7 	0.8 
EXT_EU,EUR,IMP,SITC33,PT	0.1 	1.3 	3.1 
EXT_EU,EUR,IMP,SITC33,RO	0.2 	0.2 	1.1 
EXT_EU,EUR,IMP,SITC33,SE	0.4 	0 	0 
EXT_EU,EUR,IMP,SITC33,SI	25.2 	7.3 	15 
EXT_EU,EUR,IMP,SITC33,SK	0 	0.1 	0.4 
EXT_EU,EUR,IMP,SITC33,UK	0 	0 	0 
EXT_EU,EUR,IMP,SITC5-8,AT	52.9 	52.6 	53.2 
EXT_EU,EUR,IMP,SITC5-8,BE	33.8 	36.7 	43.8 
EXT_EU,EUR,IMP,SITC5-8,BG	57.9 	55 	58.8 
EXT_EU,EUR,IMP,SITC5-8,CY	51.6 	36.6 	38.1 
EXT_EU,EUR,IMP,SITC5-8,CZ	30 	29.4 	27.4 
EXT_EU,EUR,IMP,SITC5-8,DE	47.8 	48 	46.5 
EXT_EU,EUR,IMP,SITC5-8,DK	23.3 	25.5 	25.9 
EXT_EU,EUR,IMP,SITC5-8,EA	46.2 	45.3 	46.2 
EXT_EU,EUR,IMP,SITC5-8,EE	34.2 	35.4 	38.2 
EXT_EU,EUR,IMP,SITC5-8,EL	40.7 	42.8 	38.5 
EXT_EU,EUR,IMP,SITC5-8,ES	51.6 	50.7 	54.4 
EXT_EU,EUR,IMP,SITC5-8,EU	38.7 	37.7 	38.3 
EXT_EU,EUR,IMP,SITC5-8,FI	43.2 	48.6 	59.1 
EXT_EU,EUR,IMP,SITC5-8,FR	49.8 	48.6 	48.4 
EXT_EU,EUR,IMP,SITC5-8,HR	56 	: 	: 
EXT_EU,EUR,IMP,SITC5-8,HU	36 	31.5 	37.5 
EXT_EU,EUR,IMP,SITC5-8,IE	21.4 	17 	19.3 
EXT_EU,EUR,IMP,SITC5-8,IT	52.3 	53 	54.3 
EXT_EU,EUR,IMP,SITC5-8,LT	42.1 	47.6 	41.8 
EXT_EU,EUR,IMP,SITC5-8,LU	43 	36.2 	38.8 
EXT_EU,EUR,IMP,SITC5-8,LV	60.2 	56.7 	53.8 
EXT_EU,EUR,IMP,SITC5-8,MT	42.2 	33.5 	29.9 
EXT_EU,EUR,IMP,SITC5-8,NL	42 	36.9 	37.3 
EXT_EU,EUR,IMP,SITC5-8,PL	31.3 	29.2 	27.2 
EXT_EU,EUR,IMP,SITC5-8,PT	49.3 	49 	55.2 
EXT_EU,EUR,IMP,SITC5-8,RO	47.9 	47.7 	41.2 
EXT_EU,EUR,IMP,SITC5-8,SE	22.4 	20 	9.5 
EXT_EU,EUR,IMP,SITC5-8,SI	72.8 	71.8 	71.4 
EXT_EU,EUR,IMP,SITC5-8,SK	74.4 	68.3 	69.5 
EXT_EU,EUR,IMP,SITC5-8,UK	7.1 	6.4 	6.5 
EXT_EU,EUR,IMP,TOTAL,AT	59.9 	62.4 	58.6 
EXT_EU,EUR,IMP,TOTAL,BE	33.3 	36.4 	44.5 
EXT_EU,EUR,IMP,TOTAL,BG	29.7 	23.9 	26.4 
EXT_EU,EUR,IMP,TOTAL,CY	37.1 	22.2 	25.8 
EXT_EU,EUR,IMP,TOTAL,CZ	31.1 	26.5 	23.7 
EXT_EU,EUR,IMP,TOTAL,DE	50.3 	50.9 	49.1 
EXT_EU,EUR,IMP,TOTAL,DK	21.4 	22.1 	24 
EXT_EU,EUR,IMP,TOTAL,EA	40.4 	41 	43.1 
EXT_EU,EUR,IMP,TOTAL,EE	36 	37.8 	35.9 
EXT_EU,EUR,IMP,TOTAL,EL	16.7 	16.1 	23.5 
EXT_EU,EUR,IMP,TOTAL,ES	33.3 	43.9 	46.7 
EXT_EU,EUR,IMP,TOTAL,EU	33.6 	33.2 	35.7 
EXT_EU,EUR,IMP,TOTAL,FI	25.8 	27 	42 
EXT_EU,EUR,IMP,TOTAL,FR	41 	39.6 	38.9 
EXT_EU,EUR,IMP,TOTAL,HR	38.3 	: 	: 
EXT_EU,EUR,IMP,TOTAL,HU	26.5 	22.7 	29.5 
EXT_EU,EUR,IMP,TOTAL,IE	20.7 	17.6 	19.2 
EXT_EU,EUR,IMP,TOTAL,IT	41.1 	47.6 	50.1 
EXT_EU,EUR,IMP,TOTAL,LT	27.8 	27 	24.9 
EXT_EU,EUR,IMP,TOTAL,LU	44.3 	36.7 	40.3 
EXT_EU,EUR,IMP,TOTAL,LV	62.2 	57.3 	49.8 
EXT_EU,EUR,IMP,TOTAL,MT	33.6 	31.3 	29.2 
EXT_EU,EUR,IMP,TOTAL,NL	34.7 	27.9 	32.8 
EXT_EU,EUR,IMP,TOTAL,PL	21.8 	18.4 	20 
EXT_EU,EUR,IMP,TOTAL,PT	26.3 	22.6 	30 
EXT_EU,EUR,IMP,TOTAL,RO	34.2 	37.2 	35.2 
EXT_EU,EUR,IMP,TOTAL,SE	20.3 	17.3 	10.4 
EXT_EU,EUR,IMP,TOTAL,SI	66.1 	60.7 	61.8 
EXT_EU,EUR,IMP,TOTAL,SK	55.8 	45.6 	46.2 
EXT_EU,EUR,IMP,TOTAL,UK	5.2 	4.1 	5.2 
EXT_EU,EU_OTH,EXP,SITC0-4A,AT	0 	0 	0 
EXT_EU,EU_OTH,EXP,SITC0-4A,BE	0.1 	0 	0 
EXT_EU,EU_OTH,EXP,SITC0-4A,BG	2.1 	0.4 	0.1 
EXT_EU,EU_OTH,EXP,SITC0-4A,CY	0 	0 	0 
EXT_EU,EU_OTH,EXP,SITC0-4A,CZ	3.2 	4.2 	6.5 
EXT_EU,EU_OTH,EXP,SITC0-4A,DE	0.3 	0.3 	0.2 
EXT_EU,EU_OTH,EXP,SITC0-4A,DK	11.9 	11.8 	10.6 
EXT_EU,EU_OTH,EXP,SITC0-4A,EA	0.3 	0.2 	1.3 
EXT_EU,EU_OTH,EXP,SITC0-4A,EE	0.8 	1.3 	12.4 
EXT_EU,EU_OTH,EXP,SITC0-4A,EL	0.2 	0.1 	0 
EXT_EU,EU_OTH,EXP,SITC0-4A,ES	0.1 	0.1 	0.1 
EXT_EU,EU_OTH,EXP,SITC0-4A,EU	10.4 	10.8 	10.8 
EXT_EU,EU_OTH,EXP,SITC0-4A,FI	0 	0 	0 
EXT_EU,EU_OTH,EXP,SITC0-4A,FR	0.2 	0.3 	0.1 
EXT_EU,EU_OTH,EXP,SITC0-4A,HR	3.4 	: 	: 
EXT_EU,EU_OTH,EXP,SITC0-4A,HU	13.5 	29.5 	1.4 
EXT_EU,EU_OTH,EXP,SITC0-4A,IE	0.6 	1 	1.3 
EXT_EU,EU_OTH,EXP,SITC0-4A,IT	0 	0 	0 
EXT_EU,EU_OTH,EXP,SITC0-4A,LT	7 	6.9 	11.6 
EXT_EU,EU_OTH,EXP,SITC0-4A,LU	0 	0 	0 
EXT_EU,EU_OTH,EXP,SITC0-4A,LV	0 	2.5 	5 
EXT_EU,EU_OTH,EXP,SITC0-4A,MT	0 	0.1 	0 
EXT_EU,EU_OTH,EXP,SITC0-4A,NL	0.9 	0.6 	0.8 
EXT_EU,EU_OTH,EXP,SITC0-4A,PL	100 	100 	99.2 
EXT_EU,EU_OTH,EXP,SITC0-4A,PT	0 	0 	0 
EXT_EU,EU_OTH,EXP,SITC0-4A,RO	0.7 	0.7 	0.1 
EXT_EU,EU_OTH,EXP,SITC0-4A,SE	24 	31 	48.7 
EXT_EU,EU_OTH,EXP,SITC0-4A,SI	0 	0 	0 
EXT_EU,EU_OTH,EXP,SITC0-4A,SK	0 	0 	0 
EXT_EU,EU_OTH,EXP,SITC0-4A,UK	57.7 	62.4 	56.8 
EXT_EU,EU_OTH,EXP,SITC33,AT	0 	0 	0 
EXT_EU,EU_OTH,EXP,SITC33,BE	0 	0 	0 
EXT_EU,EU_OTH,EXP,SITC33,BG	0.2 	0.2 	0.1 
EXT_EU,EU_OTH,EXP,SITC33,CY	0 	0 	0 
EXT_EU,EU_OTH,EXP,SITC33,CZ	50.7 	66.3 	58 
EXT_EU,EU_OTH,EXP,SITC33,DE	0 	0 	0 
EXT_EU,EU_OTH,EXP,SITC33,DK	1.6 	1 	0.9 
EXT_EU,EU_OTH,EXP,SITC33,EA	0 	1.2 	0.4 
EXT_EU,EU_OTH,EXP,SITC33,EE	0 	0 	2.2 
EXT_EU,EU_OTH,EXP,SITC33,EL	0 	0 	0 
EXT_EU,EU_OTH,EXP,SITC33,ES	0 	0 	0 
EXT_EU,EU_OTH,EXP,SITC33,EU	8 	11.2 	10.7 
EXT_EU,EU_OTH,EXP,SITC33,FI	0 	0 	0 
EXT_EU,EU_OTH,EXP,SITC33,FR	0 	13.5 	0 
EXT_EU,EU_OTH,EXP,SITC33,HR	0.1 	: 	: 
EXT_EU,EU_OTH,EXP,SITC33,HU	7.1 	6.6 	11.3 
EXT_EU,EU_OTH,EXP,SITC33,IE	0 	0 	0 
EXT_EU,EU_OTH,EXP,SITC33,IT	0 	0 	0 
EXT_EU,EU_OTH,EXP,SITC33,LT	0.7 	2.4 	0.7 
EXT_EU,EU_OTH,EXP,SITC33,LU	0 	0 	0 
EXT_EU,EU_OTH,EXP,SITC33,LV	0 	0.1 	0 
EXT_EU,EU_OTH,EXP,SITC33,MT	0 	0 	0 
EXT_EU,EU_OTH,EXP,SITC33,NL	0 	0 	0 
EXT_EU,EU_OTH,EXP,SITC33,PL	100 	100 	99.7 
EXT_EU,EU_OTH,EXP,SITC33,PT	0 	0 	0 
EXT_EU,EU_OTH,EXP,SITC33,RO	0 	0 	0 
EXT_EU,EU_OTH,EXP,SITC33,SE	6.8 	21.4 	41 
EXT_EU,EU_OTH,EXP,SITC33,SI	0 	0 	0 
EXT_EU,EU_OTH,EXP,SITC33,SK	0 	0 	0 
EXT_EU,EU_OTH,EXP,SITC33,UK	78 	77 	71.2 
EXT_EU,EU_OTH,EXP,SITC5-8,AT	0.1 	0.1 	0.1 
EXT_EU,EU_OTH,EXP,SITC5-8,BE	0.7 	1 	0.7 
EXT_EU,EU_OTH,EXP,SITC5-8,BG	1.1 	0.9 	1.1 
EXT_EU,EU_OTH,EXP,SITC5-8,CY	0.1 	1.3 	0.9 
EXT_EU,EU_OTH,EXP,SITC5-8,CZ	2.9 	3 	3.7 
EXT_EU,EU_OTH,EXP,SITC5-8,DE	0.1 	0.1 	0.1 
EXT_EU,EU_OTH,EXP,SITC5-8,DK	17.4 	20.5 	22.1 
EXT_EU,EU_OTH,EXP,SITC5-8,EA	0.2 	0.3 	0.3 
EXT_EU,EU_OTH,EXP,SITC5-8,EE	5.2 	8.8 	5 
EXT_EU,EU_OTH,EXP,SITC5-8,EL	0.1 	0 	0.1 
EXT_EU,EU_OTH,EXP,SITC5-8,ES	0.2 	0.1 	0.1 
EXT_EU,EU_OTH,EXP,SITC5-8,EU	9.3 	10 	10.5 
EXT_EU,EU_OTH,EXP,SITC5-8,FI	0 	0 	0.2 
EXT_EU,EU_OTH,EXP,SITC5-8,FR	0.3 	0.3 	0.2 
EXT_EU,EU_OTH,EXP,SITC5-8,HR	17.5 	: 	: 
EXT_EU,EU_OTH,EXP,SITC5-8,HU	10 	6.4 	1.6 
EXT_EU,EU_OTH,EXP,SITC5-8,IE	0.4 	0.4 	0.3 
EXT_EU,EU_OTH,EXP,SITC5-8,IT	0.2 	0.3 	0.1 
EXT_EU,EU_OTH,EXP,SITC5-8,LT	11.4 	21 	27.1 
EXT_EU,EU_OTH,EXP,SITC5-8,LU	0.1 	0.1 	0 
EXT_EU,EU_OTH,EXP,SITC5-8,LV	0 	2.3 	2.6 
EXT_EU,EU_OTH,EXP,SITC5-8,MT	8.4 	0 	1 
EXT_EU,EU_OTH,EXP,SITC5-8,NL	0.5 	0.6 	0.6 
EXT_EU,EU_OTH,EXP,SITC5-8,PL	100 	100 	99.6 
EXT_EU,EU_OTH,EXP,SITC5-8,PT	0.4 	0.3 	0.2 
EXT_EU,EU_OTH,EXP,SITC5-8,RO	1.5 	0.9 	0.7 
EXT_EU,EU_OTH,EXP,SITC5-8,SE	22.2 	30.5 	47.9 
EXT_EU,EU_OTH,EXP,SITC5-8,SI	0.1 	0.1 	0.1 
EXT_EU,EU_OTH,EXP,SITC5-8,SK	0.2 	0.1 	0.2 
EXT_EU,EU_OTH,EXP,SITC5-8,UK	55.1 	56.8 	60.5 
EXT_EU,EU_OTH,EXP,TOTAL,AT	0.1 	0.1 	0.1 
EXT_EU,EU_OTH,EXP,TOTAL,BE	0.5 	0.7 	0.5 
EXT_EU,EU_OTH,EXP,TOTAL,BG	1.1 	0.6 	0.7 
EXT_EU,EU_OTH,EXP,TOTAL,CY	0.1 	0.7 	0.5 
EXT_EU,EU_OTH,EXP,TOTAL,CZ	3.1 	3.3 	4.1 
EXT_EU,EU_OTH,EXP,TOTAL,DE	0.1 	0.1 	0.1 
EXT_EU,EU_OTH,EXP,TOTAL,DK	16.4 	18.3 	19.2 
EXT_EU,EU_OTH,EXP,TOTAL,EA	0.2 	0.3 	0.4 
EXT_EU,EU_OTH,EXP,TOTAL,EE	3.7 	5.7 	5.7 
EXT_EU,EU_OTH,EXP,TOTAL,EL	0 	0 	0.1 
EXT_EU,EU_OTH,EXP,TOTAL,ES	0.1 	0.1 	0.1 
EXT_EU,EU_OTH,EXP,TOTAL,EU	10.2 	10.4 	10.6 
EXT_EU,EU_OTH,EXP,TOTAL,FI	0 	0 	0.2 
EXT_EU,EU_OTH,EXP,TOTAL,FR	0.3 	0.9 	0.2 
EXT_EU,EU_OTH,EXP,TOTAL,HR	11.4 	: 	: 
EXT_EU,EU_OTH,EXP,TOTAL,HU	10.3 	9.1 	1.8 
EXT_EU,EU_OTH,EXP,TOTAL,IE	0.4 	0.4 	0.3 
EXT_EU,EU_OTH,EXP,TOTAL,IT	0.2 	0.2 	0.1 
EXT_EU,EU_OTH,EXP,TOTAL,LT	9 	15.5 	18.9 
EXT_EU,EU_OTH,EXP,TOTAL,LU	0.1 	0.1 	0 
EXT_EU,EU_OTH,EXP,TOTAL,LV	0 	2.3 	3.3 
EXT_EU,EU_OTH,EXP,TOTAL,MT	7 	0 	0.6 
EXT_EU,EU_OTH,EXP,TOTAL,NL	0.5 	0.5 	0.5 
EXT_EU,EU_OTH,EXP,TOTAL,PL	100 	100 	99.5 
EXT_EU,EU_OTH,EXP,TOTAL,PT	0.3 	0.2 	0.1 
EXT_EU,EU_OTH,EXP,TOTAL,RO	1.1 	0.8 	0.5 
EXT_EU,EU_OTH,EXP,TOTAL,SE	21.6 	30 	47.6 
EXT_EU,EU_OTH,EXP,TOTAL,SI	0.1 	0.1 	0.1 
EXT_EU,EU_OTH,EXP,TOTAL,SK	0.2 	0.1 	0.2 
EXT_EU,EU_OTH,EXP,TOTAL,UK	57.1 	59.6 	61.4 
EXT_EU,EU_OTH,IMP,SITC0-4A,AT	4.6 	2.9 	3.7 
EXT_EU,EU_OTH,IMP,SITC0-4A,BE	3.4 	2.6 	3.5 
EXT_EU,EU_OTH,IMP,SITC0-4A,BG	1.3 	0.1 	0.2 
EXT_EU,EU_OTH,IMP,SITC0-4A,CY	0 	0 	0 
EXT_EU,EU_OTH,IMP,SITC0-4A,CZ	0.8 	1.3 	3.1 
EXT_EU,EU_OTH,IMP,SITC0-4A,DE	0.7 	0.4 	0.7 
EXT_EU,EU_OTH,IMP,SITC0-4A,DK	17.2 	15.2 	18.2 
EXT_EU,EU_OTH,IMP,SITC0-4A,EA	1.2 	0.8 	1.3 
EXT_EU,EU_OTH,IMP,SITC0-4A,EE	0.1 	0.1 	0.6 
EXT_EU,EU_OTH,IMP,SITC0-4A,EL	0 	0 	0 
EXT_EU,EU_OTH,IMP,SITC0-4A,ES	0.2 	0.2 	0.4 
EXT_EU,EU_OTH,IMP,SITC0-4A,EU	6.2 	5.3 	6.3 
EXT_EU,EU_OTH,IMP,SITC0-4A,FI	0 	0 	0.2 
EXT_EU,EU_OTH,IMP,SITC0-4A,FR	1.5 	1.2 	2.2 
EXT_EU,EU_OTH,IMP,SITC0-4A,HR	0.6 	: 	: 
EXT_EU,EU_OTH,IMP,SITC0-4A,HU	12 	13.2 	0.6 
EXT_EU,EU_OTH,IMP,SITC0-4A,IE	1.4 	1.6 	1.8 
EXT_EU,EU_OTH,IMP,SITC0-4A,IT	0.6 	0.1 	0.2 
EXT_EU,EU_OTH,IMP,SITC0-4A,LT	1 	1 	0.9 
EXT_EU,EU_OTH,IMP,SITC0-4A,LU	0 	0 	0 
EXT_EU,EU_OTH,IMP,SITC0-4A,LV	0 	9.7 	19.7 
EXT_EU,EU_OTH,IMP,SITC0-4A,MT	1.6 	0.8 	0.7 
EXT_EU,EU_OTH,IMP,SITC0-4A,NL	2.1 	1.6 	2.7 
EXT_EU,EU_OTH,IMP,SITC0-4A,PL	9.4 	11.8 	8.2 
EXT_EU,EU_OTH,IMP,SITC0-4A,PT	0 	0 	0 
EXT_EU,EU_OTH,IMP,SITC0-4A,RO	1.2 	1.3 	0.4 
EXT_EU,EU_OTH,IMP,SITC0-4A,SE	10.4 	11.7 	14.4 
EXT_EU,EU_OTH,IMP,SITC0-4A,SI	0.3 	0.1 	0.3 
EXT_EU,EU_OTH,IMP,SITC0-4A,SK	0 	0 	0.2 
EXT_EU,EU_OTH,IMP,SITC0-4A,UK	40.6 	35 	40.9 
EXT_EU,EU_OTH,IMP,SITC33,AT	0 	0 	0 
EXT_EU,EU_OTH,IMP,SITC33,BE	0 	0 	0 
EXT_EU,EU_OTH,IMP,SITC33,BG	0 	0 	0 
EXT_EU,EU_OTH,IMP,SITC33,CY	0 	0 	0 
EXT_EU,EU_OTH,IMP,SITC33,CZ	0 	2 	6.7 
EXT_EU,EU_OTH,IMP,SITC33,DE	0 	0 	0 
EXT_EU,EU_OTH,IMP,SITC33,DK	0 	1.1 	0.5 
EXT_EU,EU_OTH,IMP,SITC33,EA	0 	0 	0 
EXT_EU,EU_OTH,IMP,SITC33,EE	0 	0 	1 
EXT_EU,EU_OTH,IMP,SITC33,EL	0 	0 	0 
EXT_EU,EU_OTH,IMP,SITC33,ES	0 	0 	0 
EXT_EU,EU_OTH,IMP,SITC33,EU	0.2 	0.3 	2.2 
EXT_EU,EU_OTH,IMP,SITC33,FI	0 	0 	0 
EXT_EU,EU_OTH,IMP,SITC33,FR	0 	0.1 	0 
EXT_EU,EU_OTH,IMP,SITC33,HR	0 	: 	: 
EXT_EU,EU_OTH,IMP,SITC33,HU	0 	0 	0 
EXT_EU,EU_OTH,IMP,SITC33,IE	0 	0 	0 
EXT_EU,EU_OTH,IMP,SITC33,IT	0 	0 	0 
EXT_EU,EU_OTH,IMP,SITC33,LT	1.3 	0.2 	0 
EXT_EU,EU_OTH,IMP,SITC33,LU	0 	0 	0 
EXT_EU,EU_OTH,IMP,SITC33,LV	0 	2.1 	5.5 
EXT_EU,EU_OTH,IMP,SITC33,MT	0 	0 	0 
EXT_EU,EU_OTH,IMP,SITC33,NL	0 	0 	0 
EXT_EU,EU_OTH,IMP,SITC33,PL	0 	0.4 	0.1 
EXT_EU,EU_OTH,IMP,SITC33,PT	0 	0 	0 
EXT_EU,EU_OTH,IMP,SITC33,RO	0 	0 	0 
EXT_EU,EU_OTH,IMP,SITC33,SE	5.6 	4 	77.6 
EXT_EU,EU_OTH,IMP,SITC33,SI	0 	0 	0 
EXT_EU,EU_OTH,IMP,SITC33,SK	0 	0 	0.1 
EXT_EU,EU_OTH,IMP,SITC33,UK	0.7 	1 	0.9 
EXT_EU,EU_OTH,IMP,SITC5-8,AT	0.4 	0.5 	0.3 
EXT_EU,EU_OTH,IMP,SITC5-8,BE	2.5 	1.4 	1.5 
EXT_EU,EU_OTH,IMP,SITC5-8,BG	1.2 	4.3 	1.7 
EXT_EU,EU_OTH,IMP,SITC5-8,CY	0.2 	0.3 	0.5 
EXT_EU,EU_OTH,IMP,SITC5-8,CZ	2.6 	2.6 	3.5 
EXT_EU,EU_OTH,IMP,SITC5-8,DE	0.4 	0.4 	0.3 
EXT_EU,EU_OTH,IMP,SITC5-8,DK	13.4 	12.1 	11.6 
EXT_EU,EU_OTH,IMP,SITC5-8,EA	0.6 	0.7 	0.7 
EXT_EU,EU_OTH,IMP,SITC5-8,EE	0.1 	0.1 	1.8 
EXT_EU,EU_OTH,IMP,SITC5-8,EL	0.1 	0.1 	0.1 
EXT_EU,EU_OTH,IMP,SITC5-8,ES	0.2 	0.4 	0.3 
EXT_EU,EU_OTH,IMP,SITC5-8,EU	5.7 	6.1 	5.5 
EXT_EU,EU_OTH,IMP,SITC5-8,FI	0.2 	0.3 	0.2 
EXT_EU,EU_OTH,IMP,SITC5-8,FR	0.3 	2 	1.7 
EXT_EU,EU_OTH,IMP,SITC5-8,HR	4.9 	: 	: 
EXT_EU,EU_OTH,IMP,SITC5-8,HU	4 	3.6 	4.5 
EXT_EU,EU_OTH,IMP,SITC5-8,IE	0.6 	0.8 	0.6 
EXT_EU,EU_OTH,IMP,SITC5-8,IT	0.1 	0.2 	0.1 
EXT_EU,EU_OTH,IMP,SITC5-8,LT	2.4 	3.3 	1.5 
EXT_EU,EU_OTH,IMP,SITC5-8,LU	0 	0 	0 
EXT_EU,EU_OTH,IMP,SITC5-8,LV	0 	2.5 	5.4 
EXT_EU,EU_OTH,IMP,SITC5-8,MT	1.5 	1.6 	1.1 
EXT_EU,EU_OTH,IMP,SITC5-8,NL	0.6 	0.5 	0.7 
EXT_EU,EU_OTH,IMP,SITC5-8,PL	5.9 	5.6 	6.4 
EXT_EU,EU_OTH,IMP,SITC5-8,PT	0.1 	0.2 	0.2 
EXT_EU,EU_OTH,IMP,SITC5-8,RO	5.4 	6.4 	5.2 
EXT_EU,EU_OTH,IMP,SITC5-8,SE	22.4 	22.8 	20.7 
EXT_EU,EU_OTH,IMP,SITC5-8,SI	0.2 	0.2 	0.4 
EXT_EU,EU_OTH,IMP,SITC5-8,SK	0.1 	0.1 	0.1 
EXT_EU,EU_OTH,IMP,SITC5-8,UK	28.4 	29.3 	27 
EXT_EU,EU_OTH,IMP,TOTAL,AT	0.9 	0.8 	0.9 
EXT_EU,EU_OTH,IMP,TOTAL,BE	2.4 	1.5 	1.8 
EXT_EU,EU_OTH,IMP,TOTAL,BG	0.8 	1.6 	0.7 
EXT_EU,EU_OTH,IMP,TOTAL,CY	0.1 	0.1 	0.2 
EXT_EU,EU_OTH,IMP,TOTAL,CZ	2 	2.3 	3.9 
EXT_EU,EU_OTH,IMP,TOTAL,DE	0.4 	0.3 	0.3 
EXT_EU,EU_OTH,IMP,TOTAL,DK	12.7 	11.6 	12.3 
EXT_EU,EU_OTH,IMP,TOTAL,EA	0.6 	0.6 	0.7 
EXT_EU,EU_OTH,IMP,TOTAL,EE	0 	0 	2.3 
EXT_EU,EU_OTH,IMP,TOTAL,EL	0 	0 	0 
EXT_EU,EU_OTH,IMP,TOTAL,ES	0.1 	0.2 	0.2 
EXT_EU,EU_OTH,IMP,TOTAL,EU	4.7 	4.6 	5.2 
EXT_EU,EU_OTH,IMP,TOTAL,FI	0.1 	0.1 	0.2 
EXT_EU,EU_OTH,IMP,TOTAL,FR	0.4 	1.4 	1.3 
EXT_EU,EU_OTH,IMP,TOTAL,HR	2.4 	: 	: 
EXT_EU,EU_OTH,IMP,TOTAL,HU	4.5 	4.4 	3.4 
EXT_EU,EU_OTH,IMP,TOTAL,IE	0.6 	0.7 	0.6 
EXT_EU,EU_OTH,IMP,TOTAL,IT	0.2 	0.1 	0.1 
EXT_EU,EU_OTH,IMP,TOTAL,LT	1.5 	1 	0.5 
EXT_EU,EU_OTH,IMP,TOTAL,LU	0 	0 	0 
EXT_EU,EU_OTH,IMP,TOTAL,LV	0 	4.9 	10 
EXT_EU,EU_OTH,IMP,TOTAL,MT	1.2 	1.4 	1.1 
EXT_EU,EU_OTH,IMP,TOTAL,NL	0.7 	0.6 	0.9 
EXT_EU,EU_OTH,IMP,TOTAL,PL	9.4 	11.6 	11 
EXT_EU,EU_OTH,IMP,TOTAL,PT	0 	0.1 	0.1 
EXT_EU,EU_OTH,IMP,TOTAL,RO	3.3 	3.7 	3.2 
EXT_EU,EU_OTH,IMP,TOTAL,SE	16.1 	16 	31.7 
EXT_EU,EU_OTH,IMP,TOTAL,SI	0.2 	0.1 	0.3 
EXT_EU,EU_OTH,IMP,TOTAL,SK	0.1 	0.1 	0.1 
EXT_EU,EU_OTH,IMP,TOTAL,UK	23.2 	20.5 	25.2 
EXT_EU,OTH,EXP,SITC0-4A,AT	10.4 	5 	5.5 
EXT_EU,OTH,EXP,SITC0-4A,BE	2.2 	1.4 	2.4 
EXT_EU,OTH,EXP,SITC0-4A,BG	0.5 	0.1 	0 
EXT_EU,OTH,EXP,SITC0-4A,CY	0.1 	0.2 	0.1 
EXT_EU,OTH,EXP,SITC0-4A,CZ	4.8 	2.7 	5.4 
EXT_EU,OTH,EXP,SITC0-4A,DE	3.9 	3.6 	3.4 
EXT_EU,OTH,EXP,SITC0-4A,DK	40.8 	38 	45.7 
EXT_EU,OTH,EXP,SITC0-4A,EA	5.2 	4.2 	5.3 
EXT_EU,OTH,EXP,SITC0-4A,EE	13.4 	13.2 	15.4 
EXT_EU,OTH,EXP,SITC0-4A,EL	0.5 	1.2 	0.5 
EXT_EU,OTH,EXP,SITC0-4A,ES	2.3 	1.9 	2 
EXT_EU,OTH,EXP,SITC0-4A,EU	6.6 	5.9 	7.1 
EXT_EU,OTH,EXP,SITC0-4A,FI	7.9 	17.9 	13.7 
EXT_EU,OTH,EXP,SITC0-4A,FR	5.3 	5.4 	6.1 
EXT_EU,OTH,EXP,SITC0-4A,HR	5.5 	: 	: 
EXT_EU,OTH,EXP,SITC0-4A,HU	7.7 	6 	9.1 
EXT_EU,OTH,EXP,SITC0-4A,IE	7.8 	9.8 	13.1 
EXT_EU,OTH,EXP,SITC0-4A,IT	4.7 	4.6 	5.1 
EXT_EU,OTH,EXP,SITC0-4A,LT	2.4 	1.7 	1.9 
EXT_EU,OTH,EXP,SITC0-4A,LU	0.2 	0.1 	1.1 
EXT_EU,OTH,EXP,SITC0-4A,LV	21.1 	23.6 	14 
EXT_EU,OTH,EXP,SITC0-4A,MT	44.8 	23.4 	48.9 
EXT_EU,OTH,EXP,SITC0-4A,NL	7.5 	4.6 	3.6 
EXT_EU,OTH,EXP,SITC0-4A,PL	0 	0 	0 
EXT_EU,OTH,EXP,SITC0-4A,PT	2.5 	1.8 	2.2 
EXT_EU,OTH,EXP,SITC0-4A,RO	0.2 	0.3 	0.1 
EXT_EU,OTH,EXP,SITC0-4A,SE	11.6 	13 	7 
EXT_EU,OTH,EXP,SITC0-4A,SI	3.1 	0.9 	1.8 
EXT_EU,OTH,EXP,SITC0-4A,SK	1.6 	0.3 	3 
EXT_EU,OTH,EXP,SITC0-4A,UK	6.7 	6.5 	7 
EXT_EU,OTH,EXP,SITC33,AT	16.4 	6.5 	2.3 
EXT_EU,OTH,EXP,SITC33,BE	1.4 	1.8 	0.7 
EXT_EU,OTH,EXP,SITC33,BG	0 	0 	0 
EXT_EU,OTH,EXP,SITC33,CY	0 	0 	0 
EXT_EU,OTH,EXP,SITC33,CZ	0.6 	0.5 	0 
EXT_EU,OTH,EXP,SITC33,DE	8.2 	1.5 	1.7 
EXT_EU,OTH,EXP,SITC33,DK	0.4 	0.6 	5.6 
EXT_EU,OTH,EXP,SITC33,EA	1 	0.6 	0.2 
EXT_EU,OTH,EXP,SITC33,EE	0.5 	0.2 	0 
EXT_EU,OTH,EXP,SITC33,EL	0 	0.5 	0 
EXT_EU,OTH,EXP,SITC33,ES	0 	0 	0 
EXT_EU,OTH,EXP,SITC33,EU	1.2 	0.8 	0.6 
EXT_EU,OTH,EXP,SITC33,FI	0.1 	7.5 	0 
EXT_EU,OTH,EXP,SITC33,FR	0.1 	0 	0.1 
EXT_EU,OTH,EXP,SITC33,HR	0 	: 	: 
EXT_EU,OTH,EXP,SITC33,HU	52.3 	37.9 	0 
EXT_EU,OTH,EXP,SITC33,IE	0 	0 	0 
EXT_EU,OTH,EXP,SITC33,IT	0.2 	0.2 	0.5 
EXT_EU,OTH,EXP,SITC33,LT	0 	0 	0 
EXT_EU,OTH,EXP,SITC33,LU	0.4 	0 	0 
EXT_EU,OTH,EXP,SITC33,LV	0 	0 	0 
EXT_EU,OTH,EXP,SITC33,MT	0 	0 	0 
EXT_EU,OTH,EXP,SITC33,NL	0 	0 	0 
EXT_EU,OTH,EXP,SITC33,PL	0 	0 	0 
EXT_EU,OTH,EXP,SITC33,PT	0 	0 	0 
EXT_EU,OTH,EXP,SITC33,RO	0 	0.1 	0 
EXT_EU,OTH,EXP,SITC33,SE	6.5 	6.4 	6.2 
EXT_EU,OTH,EXP,SITC33,SI	0 	0 	1 
EXT_EU,OTH,EXP,SITC33,SK	0.4 	0 	0 
EXT_EU,OTH,EXP,SITC33,UK	0 	0.5 	1 
EXT_EU,OTH,EXP,SITC5-8,AT	7.3 	7.5 	7 
EXT_EU,OTH,EXP,SITC5-8,BE	13.8 	16.1 	11.4 
EXT_EU,OTH,EXP,SITC5-8,BG	4.5 	4.4 	3.1 
EXT_EU,OTH,EXP,SITC5-8,CY	0.4 	0.6 	0.3 
EXT_EU,OTH,EXP,SITC5-8,CZ	13.5 	13.3 	11.5 
EXT_EU,OTH,EXP,SITC5-8,DE	12.7 	9.9 	8.2 
EXT_EU,OTH,EXP,SITC5-8,DK	24.8 	22.8 	23.3 
EXT_EU,OTH,EXP,SITC5-8,EA	10.2 	9.1 	7.4 
EXT_EU,OTH,EXP,SITC5-8,EE	4.6 	4.4 	4 
EXT_EU,OTH,EXP,SITC5-8,EL	0.9 	1.9 	0.9 
EXT_EU,OTH,EXP,SITC5-8,ES	5.4 	4.7 	3.8 
EXT_EU,OTH,EXP,SITC5-8,EU	10 	9 	7.7 
EXT_EU,OTH,EXP,SITC5-8,FI	8.6 	21.9 	6.6 
EXT_EU,OTH,EXP,SITC5-8,FR	9.1 	8.7 	8.4 
EXT_EU,OTH,EXP,SITC5-8,HR	1 	: 	: 
EXT_EU,OTH,EXP,SITC5-8,HU	7.8 	9 	9.3 
EXT_EU,OTH,EXP,SITC5-8,IE	21.3 	22.6 	16.7 
EXT_EU,OTH,EXP,SITC5-8,IT	3.8 	3.1 	3 
EXT_EU,OTH,EXP,SITC5-8,LT	5.1 	4.9 	2.5 
EXT_EU,OTH,EXP,SITC5-8,LU	14.9 	2.8 	5.8 
EXT_EU,OTH,EXP,SITC5-8,LV	9.8 	9.8 	9.9 
EXT_EU,OTH,EXP,SITC5-8,MT	1 	1.1 	1.9 
EXT_EU,OTH,EXP,SITC5-8,NL	8.3 	7.5 	6.7 
EXT_EU,OTH,EXP,SITC5-8,PL	0 	0 	0 
EXT_EU,OTH,EXP,SITC5-8,PT	6.9 	2.9 	2.5 
EXT_EU,OTH,EXP,SITC5-8,RO	12.6 	9.9 	8.7 
EXT_EU,OTH,EXP,SITC5-8,SE	25 	20.5 	18.4 
EXT_EU,OTH,EXP,SITC5-8,SI	10.4 	8.7 	5.5 
EXT_EU,OTH,EXP,SITC5-8,SK	7.4 	2.7 	2 
EXT_EU,OTH,EXP,SITC5-8,UK	4.4 	3.3 	3.6 
EXT_EU,OTH,EXP,TOTAL,AT	7.5 	7.2 	6.8 
EXT_EU,OTH,EXP,TOTAL,BE	10.8 	11.7 	9.5 
EXT_EU,OTH,EXP,TOTAL,BG	2.5 	2.1 	1.7 
EXT_EU,OTH,EXP,TOTAL,CY	0.3 	0.4 	0.2 
EXT_EU,OTH,EXP,TOTAL,CZ	13.1 	12.8 	11.3 
EXT_EU,OTH,EXP,TOTAL,DE	12 	9.7 	7.8 
EXT_EU,OTH,EXP,TOTAL,DK	27.6 	25.8 	28.3 
EXT_EU,OTH,EXP,TOTAL,EA	9 	8 	6.7 
EXT_EU,OTH,EXP,TOTAL,EE	5.7 	4.8 	5.1 
EXT_EU,OTH,EXP,TOTAL,EL	0.3 	1 	0.4 
EXT_EU,OTH,EXP,TOTAL,ES	4.2 	3.5 	3 
EXT_EU,OTH,EXP,TOTAL,EU	8.9 	8.1 	7.1 
EXT_EU,OTH,EXP,TOTAL,FI	7.8 	20.6 	6.9 
EXT_EU,OTH,EXP,TOTAL,FR	8.4 	7.9 	7.9 
EXT_EU,OTH,EXP,TOTAL,HR	2.1 	: 	: 
EXT_EU,OTH,EXP,TOTAL,HU	8.9 	9.3 	9.1 
EXT_EU,OTH,EXP,TOTAL,IE	19.8 	21.4 	15.5 
EXT_EU,OTH,EXP,TOTAL,IT	3.6 	2.9 	2.9 
EXT_EU,OTH,EXP,TOTAL,LT	3.8 	3.5 	1.9 
EXT_EU,OTH,EXP,TOTAL,LU	14 	2.6 	5.6 
EXT_EU,OTH,EXP,TOTAL,LV	14.5 	14.3 	11.1 
EXT_EU,OTH,EXP,TOTAL,MT	8.5 	2.7 	5.1 
EXT_EU,OTH,EXP,TOTAL,NL	6.7 	5.5 	5.1 
EXT_EU,OTH,EXP,TOTAL,PL	0 	0 	0 
EXT_EU,OTH,EXP,TOTAL,PT	5.3 	2.2 	2.1 
EXT_EU,OTH,EXP,TOTAL,RO	8.1 	6.6 	6 
EXT_EU,OTH,EXP,TOTAL,SE	22.9 	19 	16.7 
EXT_EU,OTH,EXP,TOTAL,SI	9.4 	7.4 	4.9 
EXT_EU,OTH,EXP,TOTAL,SK	7.3 	2.6 	2 
EXT_EU,OTH,EXP,TOTAL,UK	3.7 	3.1 	3.6 
EXT_EU,OTH,IMP,SITC0-4A,AT	2.5 	1.8 	2.2 
EXT_EU,OTH,IMP,SITC0-4A,BE	1.7 	1.1 	4.3 
EXT_EU,OTH,IMP,SITC0-4A,BG	0.5 	36.9 	0.1 
EXT_EU,OTH,IMP,SITC0-4A,CY	3.8 	3.3 	2.2 
EXT_EU,OTH,IMP,SITC0-4A,CZ	3.9 	0.9 	1 
EXT_EU,OTH,IMP,SITC0-4A,DE	1.6 	1.5 	1.8 
EXT_EU,OTH,IMP,SITC0-4A,DK	13.9 	13.8 	12.5 
EXT_EU,OTH,IMP,SITC0-4A,EA	1.4 	1.5 	1.6 
EXT_EU,OTH,IMP,SITC0-4A,EE	4 	3.2 	3 
EXT_EU,OTH,IMP,SITC0-4A,EL	1 	1.3 	0.8 
EXT_EU,OTH,IMP,SITC0-4A,ES	0.2 	0.2 	0.2 
EXT_EU,OTH,IMP,SITC0-4A,EU	2.1 	2.4 	2.4 
EXT_EU,OTH,IMP,SITC0-4A,FI	3.8 	4.9 	2.2 
EXT_EU,OTH,IMP,SITC0-4A,FR	2.3 	2.1 	1.9 
EXT_EU,OTH,IMP,SITC0-4A,HR	1 	: 	: 
EXT_EU,OTH,IMP,SITC0-4A,HU	0.3 	0.4 	0.4 
EXT_EU,OTH,IMP,SITC0-4A,IE	1.4 	2.6 	1.8 
EXT_EU,OTH,IMP,SITC0-4A,IT	1.4 	1.1 	1 
EXT_EU,OTH,IMP,SITC0-4A,LT	2.1 	1.6 	1.3 
EXT_EU,OTH,IMP,SITC0-4A,LU	6.3 	10.6 	3.2 
EXT_EU,OTH,IMP,SITC0-4A,LV	2.2 	1.3 	3.2 
EXT_EU,OTH,IMP,SITC0-4A,MT	6 	4.4 	10.6 
EXT_EU,OTH,IMP,SITC0-4A,NL	1 	2.2 	1.3 
EXT_EU,OTH,IMP,SITC0-4A,PL	1.2 	1.1 	1.9 
EXT_EU,OTH,IMP,SITC0-4A,PT	0.6 	0.4 	0.3 
EXT_EU,OTH,IMP,SITC0-4A,RO	0.6 	0.3 	0.4 
EXT_EU,OTH,IMP,SITC0-4A,SE	14.8 	12.5 	20.3 
EXT_EU,OTH,IMP,SITC0-4A,SI	0.3 	0.3 	0.2 
EXT_EU,OTH,IMP,SITC0-4A,SK	0.3 	0.3 	0.5 
EXT_EU,OTH,IMP,SITC0-4A,UK	3 	3.6 	3.8 
EXT_EU,OTH,IMP,SITC33,AT	0 	0 	0 
EXT_EU,OTH,IMP,SITC33,BE	0 	0 	10.4 
EXT_EU,OTH,IMP,SITC33,BG	0 	0 	0 
EXT_EU,OTH,IMP,SITC33,CY	0 	0 	0 
EXT_EU,OTH,IMP,SITC33,CZ	0 	0 	0 
EXT_EU,OTH,IMP,SITC33,DE	0.1 	0 	0 
EXT_EU,OTH,IMP,SITC33,DK	0 	0.1 	0.3 
EXT_EU,OTH,IMP,SITC33,EA	0.1 	0 	0.3 
EXT_EU,OTH,IMP,SITC33,EE	0 	0 	0 
EXT_EU,OTH,IMP,SITC33,EL	0.5 	0 	0 
EXT_EU,OTH,IMP,SITC33,ES	0 	0 	0 
EXT_EU,OTH,IMP,SITC33,EU	0.1 	0 	0.2 
EXT_EU,OTH,IMP,SITC33,FI	0 	0 	0 
EXT_EU,OTH,IMP,SITC33,FR	0.1 	0.1 	0.2 
EXT_EU,OTH,IMP,SITC33,HR	0 	: 	: 
EXT_EU,OTH,IMP,SITC33,HU	0 	0 	0 
EXT_EU,OTH,IMP,SITC33,IE	0 	0 	0 
EXT_EU,OTH,IMP,SITC33,IT	0 	0 	0 
EXT_EU,OTH,IMP,SITC33,LT	0 	0 	0 
EXT_EU,OTH,IMP,SITC33,LU	13.2 	1.5 	0 
EXT_EU,OTH,IMP,SITC33,LV	0.3 	0.1 	0.1 
EXT_EU,OTH,IMP,SITC33,MT	0 	0.1 	0.1 
EXT_EU,OTH,IMP,SITC33,NL	0 	0 	0 
EXT_EU,OTH,IMP,SITC33,PL	0 	0 	0 
EXT_EU,OTH,IMP,SITC33,PT	0 	0 	0 
EXT_EU,OTH,IMP,SITC33,RO	0 	0 	0 
EXT_EU,OTH,IMP,SITC33,SE	0 	0 	0.2 
EXT_EU,OTH,IMP,SITC33,SI	0 	0 	0 
EXT_EU,OTH,IMP,SITC33,SK	0 	0 	0 
EXT_EU,OTH,IMP,SITC33,UK	0 	0 	0 
EXT_EU,OTH,IMP,SITC5-8,AT	14.5 	14.5 	13.2 
EXT_EU,OTH,IMP,SITC5-8,BE	2.8 	3.2 	1.4 
EXT_EU,OTH,IMP,SITC5-8,BG	2.1 	2.2 	2.9 
EXT_EU,OTH,IMP,SITC5-8,CY	4.5 	4.8 	6.4 
EXT_EU,OTH,IMP,SITC5-8,CZ	4.5 	5.3 	6.4 
EXT_EU,OTH,IMP,SITC5-8,DE	7.2 	7.8 	7.1 
EXT_EU,OTH,IMP,SITC5-8,DK	18.5 	8.1 	13.7 
EXT_EU,OTH,IMP,SITC5-8,EA	4.7 	5 	4.7 
EXT_EU,OTH,IMP,SITC5-8,EE	5.5 	6.6 	7 
EXT_EU,OTH,IMP,SITC5-8,EL	1.6 	1.7 	3 
EXT_EU,OTH,IMP,SITC5-8,ES	2.5 	2.5 	2.3 
EXT_EU,OTH,IMP,SITC5-8,EU	4.9 	5.2 	5.3 
EXT_EU,OTH,IMP,SITC5-8,FI	6.8 	6.3 	5 
EXT_EU,OTH,IMP,SITC5-8,FR	4.4 	4.6 	4.8 
EXT_EU,OTH,IMP,SITC5-8,HR	2.5 	: 	: 
EXT_EU,OTH,IMP,SITC5-8,HU	2.6 	3.2 	4.9 
EXT_EU,OTH,IMP,SITC5-8,IE	10 	4.6 	4.2 
EXT_EU,OTH,IMP,SITC5-8,IT	3 	3.1 	3.2 
EXT_EU,OTH,IMP,SITC5-8,LT	3.8 	4.7 	4.9 
EXT_EU,OTH,IMP,SITC5-8,LU	1.5 	0.8 	1.4 
EXT_EU,OTH,IMP,SITC5-8,LV	5.2 	5.9 	5.8 
EXT_EU,OTH,IMP,SITC5-8,MT	4 	6.2 	6.7 
EXT_EU,OTH,IMP,SITC5-8,NL	2.9 	3.1 	3.5 
EXT_EU,OTH,IMP,SITC5-8,PL	2.9 	2.7 	3.2 
EXT_EU,OTH,IMP,SITC5-8,PT	2.2 	4.3 	3.5 
EXT_EU,OTH,IMP,SITC5-8,RO	3 	3.5 	3.2 
EXT_EU,OTH,IMP,SITC5-8,SE	11.3 	11.2 	23.7 
EXT_EU,OTH,IMP,SITC5-8,SI	2 	3 	3.9 
EXT_EU,OTH,IMP,SITC5-8,SK	2.3 	2.3 	3.7 
EXT_EU,OTH,IMP,SITC5-8,UK	4.4 	5.5 	5 
EXT_EU,OTH,IMP,TOTAL,AT	13.8 	13.9 	14.9 
EXT_EU,OTH,IMP,TOTAL,BE	2.4 	2.5 	2.5 
EXT_EU,OTH,IMP,TOTAL,BG	1 	9.4 	1.1 
EXT_EU,OTH,IMP,TOTAL,CY	2.9 	2.3 	3.7 
EXT_EU,OTH,IMP,TOTAL,CZ	3.7 	3.8 	4.7 
EXT_EU,OTH,IMP,TOTAL,DE	5.6 	5.9 	5.7 
EXT_EU,OTH,IMP,TOTAL,DK	14.8 	8.3 	12.3 
EXT_EU,OTH,IMP,TOTAL,EA	3.4 	3.4 	3.5 
EXT_EU,OTH,IMP,TOTAL,EE	4 	4.9 	4.3 
EXT_EU,OTH,IMP,TOTAL,EL	1 	0.7 	1.4 
EXT_EU,OTH,IMP,TOTAL,ES	1.1 	1 	1.2 
EXT_EU,OTH,IMP,TOTAL,EU	3.8 	4.2 	4 
EXT_EU,OTH,IMP,TOTAL,FI	3.5 	3.4 	2.8 
EXT_EU,OTH,IMP,TOTAL,FR	3 	3 	3.3 
EXT_EU,OTH,IMP,TOTAL,HR	1.3 	: 	: 
EXT_EU,OTH,IMP,TOTAL,HU	1.8 	2.2 	3.6 
EXT_EU,OTH,IMP,TOTAL,IE	8.2 	3.8 	3.4 
EXT_EU,OTH,IMP,TOTAL,IT	2.1 	1.8 	2 
EXT_EU,OTH,IMP,TOTAL,LT	1.5 	1.3 	1.3 
EXT_EU,OTH,IMP,TOTAL,LU	1.8 	1.1 	1.4 
EXT_EU,OTH,IMP,TOTAL,LV	3.8 	3.5 	4.3 
EXT_EU,OTH,IMP,TOTAL,MT	3.2 	5.5 	6.6 
EXT_EU,OTH,IMP,TOTAL,NL	1.9 	2.1 	2.4 
EXT_EU,OTH,IMP,TOTAL,PL	1.8 	1.5 	2 
EXT_EU,OTH,IMP,TOTAL,PT	0.9 	1.3 	1.4 
EXT_EU,OTH,IMP,TOTAL,RO	1.8 	2 	2 
EXT_EU,OTH,IMP,TOTAL,SE	9.2 	8.6 	18.2 
EXT_EU,OTH,IMP,TOTAL,SI	1.5 	2 	2.7 
EXT_EU,OTH,IMP,TOTAL,SK	1.5 	1.4 	2.5 
EXT_EU,OTH,IMP,TOTAL,UK	5.2 	8.2 	4.3 
EXT_EU,TOTAL,EXP,SITC0-4A,AT	100 	100 	100 
EXT_EU,TOTAL,EXP,SITC0-4A,BE	100 	100 	100 
EXT_EU,TOTAL,EXP,SITC0-4A,BG	100 	100 	100 
EXT_EU,TOTAL,EXP,SITC0-4A,CY	100 	100 	100 
EXT_EU,TOTAL,EXP,SITC0-4A,CZ	100 	100 	100 
EXT_EU,TOTAL,EXP,SITC0-4A,DE	100 	100 	100 
EXT_EU,TOTAL,EXP,SITC0-4A,DK	100 	100 	100 
EXT_EU,TOTAL,EXP,SITC0-4A,EA	100 	100 	100 
EXT_EU,TOTAL,EXP,SITC0-4A,EE	100 	100 	100 
EXT_EU,TOTAL,EXP,SITC0-4A,EL	100 	100 	100 
EXT_EU,TOTAL,EXP,SITC0-4A,ES	100 	100 	100 
EXT_EU,TOTAL,EXP,SITC0-4A,EU	100 	100 	100 
EXT_EU,TOTAL,EXP,SITC0-4A,FI	100 	100 	100 
EXT_EU,TOTAL,EXP,SITC0-4A,FR	100 	100 	100 
EXT_EU,TOTAL,EXP,SITC0-4A,HR	100 	: 	: 
EXT_EU,TOTAL,EXP,SITC0-4A,HU	100 	100 	100 
EXT_EU,TOTAL,EXP,SITC0-4A,IE	100 	100 	100 
EXT_EU,TOTAL,EXP,SITC0-4A,IT	100 	100 	100 
EXT_EU,TOTAL,EXP,SITC0-4A,LT	100 	100 	100 
EXT_EU,TOTAL,EXP,SITC0-4A,LU	100 	100 	100 
EXT_EU,TOTAL,EXP,SITC0-4A,LV	100 	100 	100 
EXT_EU,TOTAL,EXP,SITC0-4A,MT	100 	100 	100 
EXT_EU,TOTAL,EXP,SITC0-4A,NL	100 	100 	100 
EXT_EU,TOTAL,EXP,SITC0-4A,PL	100 	100 	100 
EXT_EU,TOTAL,EXP,SITC0-4A,PT	100 	100 	100 
EXT_EU,TOTAL,EXP,SITC0-4A,RO	100 	100 	100 
EXT_EU,TOTAL,EXP,SITC0-4A,SE	100 	100 	100 
EXT_EU,TOTAL,EXP,SITC0-4A,SI	100 	100 	100 
EXT_EU,TOTAL,EXP,SITC0-4A,SK	100 	100 	100 
EXT_EU,TOTAL,EXP,SITC0-4A,UK	100 	100 	100 
EXT_EU,TOTAL,EXP,SITC33,AT	100 	100 	100 
EXT_EU,TOTAL,EXP,SITC33,BE	100 	100 	100 
EXT_EU,TOTAL,EXP,SITC33,BG	100 	100 	100 
EXT_EU,TOTAL,EXP,SITC33,CY	100 	100 	100 
EXT_EU,TOTAL,EXP,SITC33,CZ	100 	100 	100 
EXT_EU,TOTAL,EXP,SITC33,DE	100 	100 	100 
EXT_EU,TOTAL,EXP,SITC33,DK	100 	100 	100 
EXT_EU,TOTAL,EXP,SITC33,EA	100 	100 	100 
EXT_EU,TOTAL,EXP,SITC33,EE	100 	100 	100 
EXT_EU,TOTAL,EXP,SITC33,EL	100 	100 	100 
EXT_EU,TOTAL,EXP,SITC33,ES	100 	100 	100 
EXT_EU,TOTAL,EXP,SITC33,EU	100 	100 	100 
EXT_EU,TOTAL,EXP,SITC33,FI	100 	100 	100 
EXT_EU,TOTAL,EXP,SITC33,FR	100 	100 	100 
EXT_EU,TOTAL,EXP,SITC33,HR	100 	: 	: 
EXT_EU,TOTAL,EXP,SITC33,HU	100 	100 	100 
EXT_EU,TOTAL,EXP,SITC33,IE	100 	100 	100 
EXT_EU,TOTAL,EXP,SITC33,IT	100 	100 	100 
EXT_EU,TOTAL,EXP,SITC33,LT	100 	100 	100 
EXT_EU,TOTAL,EXP,SITC33,LU	100 	100 	100 
EXT_EU,TOTAL,EXP,SITC33,LV	100 	100 	100 
EXT_EU,TOTAL,EXP,SITC33,MT	100 	100 	100 
EXT_EU,TOTAL,EXP,SITC33,NL	100 	100 	100 
EXT_EU,TOTAL,EXP,SITC33,PL	100 	100 	100 
EXT_EU,TOTAL,EXP,SITC33,PT	100 	100 	100 
EXT_EU,TOTAL,EXP,SITC33,RO	100 	100 	100 
EXT_EU,TOTAL,EXP,SITC33,SE	100 	100 	100 
EXT_EU,TOTAL,EXP,SITC33,SI	100 	100 	100 
EXT_EU,TOTAL,EXP,SITC33,SK	100 	100 	100 
EXT_EU,TOTAL,EXP,SITC33,UK	100 	100 	100 
EXT_EU,TOTAL,EXP,SITC5-8,AT	100 	100 	100 
EXT_EU,TOTAL,EXP,SITC5-8,BE	100 	100 	100 
EXT_EU,TOTAL,EXP,SITC5-8,BG	100 	100 	100 
EXT_EU,TOTAL,EXP,SITC5-8,CY	100 	100 	100 
EXT_EU,TOTAL,EXP,SITC5-8,CZ	100 	100 	100 
EXT_EU,TOTAL,EXP,SITC5-8,DE	100 	100 	100 
EXT_EU,TOTAL,EXP,SITC5-8,DK	100 	100 	100 
EXT_EU,TOTAL,EXP,SITC5-8,EA	100 	100 	100 
EXT_EU,TOTAL,EXP,SITC5-8,EE	100 	100 	100 
EXT_EU,TOTAL,EXP,SITC5-8,EL	100 	100 	100 
EXT_EU,TOTAL,EXP,SITC5-8,ES	100 	100 	100 
EXT_EU,TOTAL,EXP,SITC5-8,EU	100 	100 	100 
EXT_EU,TOTAL,EXP,SITC5-8,FI	100 	100 	100 
EXT_EU,TOTAL,EXP,SITC5-8,FR	100 	100 	100 
EXT_EU,TOTAL,EXP,SITC5-8,HR	100 	: 	: 
EXT_EU,TOTAL,EXP,SITC5-8,HU	100 	100 	100 
EXT_EU,TOTAL,EXP,SITC5-8,IE	100 	100 	100 
EXT_EU,TOTAL,EXP,SITC5-8,IT	100 	100 	100 
EXT_EU,TOTAL,EXP,SITC5-8,LT	100 	100 	100 
EXT_EU,TOTAL,EXP,SITC5-8,LU	100 	100 	100 
EXT_EU,TOTAL,EXP,SITC5-8,LV	100 	100 	100 
EXT_EU,TOTAL,EXP,SITC5-8,MT	100 	100 	100 
EXT_EU,TOTAL,EXP,SITC5-8,NL	100 	100 	100 
EXT_EU,TOTAL,EXP,SITC5-8,PL	100 	100 	100 
EXT_EU,TOTAL,EXP,SITC5-8,PT	100 	100 	100 
EXT_EU,TOTAL,EXP,SITC5-8,RO	100 	100 	100 
EXT_EU,TOTAL,EXP,SITC5-8,SE	100 	100 	100 
EXT_EU,TOTAL,EXP,SITC5-8,SI	100 	100 	100 
EXT_EU,TOTAL,EXP,SITC5-8,SK	100 	100 	100 
EXT_EU,TOTAL,EXP,SITC5-8,UK	100 	100 	100 
EXT_EU,TOTAL,EXP,TOTAL,AT	100 	100 	100 
EXT_EU,TOTAL,EXP,TOTAL,BE	100 	100 	100 
EXT_EU,TOTAL,EXP,TOTAL,BG	100 	100 	100 
EXT_EU,TOTAL,EXP,TOTAL,CY	100 	100 	100 
EXT_EU,TOTAL,EXP,TOTAL,CZ	100 	100 	100 
EXT_EU,TOTAL,EXP,TOTAL,DE	100 	100 	100 
EXT_EU,TOTAL,EXP,TOTAL,DK	100 	100 	100 
EXT_EU,TOTAL,EXP,TOTAL,EA	100 	100 	100 
EXT_EU,TOTAL,EXP,TOTAL,EE	100 	100 	100 
EXT_EU,TOTAL,EXP,TOTAL,EL	100 	100 	100 
EXT_EU,TOTAL,EXP,TOTAL,ES	100 	100 	100 
EXT_EU,TOTAL,EXP,TOTAL,EU	100 	100 	100 
EXT_EU,TOTAL,EXP,TOTAL,FI	100 	100 	100 
EXT_EU,TOTAL,EXP,TOTAL,FR	100 	100 	100 
EXT_EU,TOTAL,EXP,TOTAL,HR	100 	: 	: 
EXT_EU,TOTAL,EXP,TOTAL,HU	100 	100 	100 
EXT_EU,TOTAL,EXP,TOTAL,IE	100 	100 	100 
EXT_EU,TOTAL,EXP,TOTAL,IT	100 	100 	100 
EXT_EU,TOTAL,EXP,TOTAL,LT	100 	100 	100 
EXT_EU,TOTAL,EXP,TOTAL,LU	100 	100 	100 
EXT_EU,TOTAL,EXP,TOTAL,LV	100 	100 	100 
EXT_EU,TOTAL,EXP,TOTAL,MT	100 	100 	100 
EXT_EU,TOTAL,EXP,TOTAL,NL	100 	100 	100 
EXT_EU,TOTAL,EXP,TOTAL,PL	100 	100 	100 
EXT_EU,TOTAL,EXP,TOTAL,PT	100 	100 	100 
EXT_EU,TOTAL,EXP,TOTAL,RO	100 	100 	100 
EXT_EU,TOTAL,EXP,TOTAL,SE	100 	100 	100 
EXT_EU,TOTAL,EXP,TOTAL,SI	100 	100 	100 
EXT_EU,TOTAL,EXP,TOTAL,SK	100 	100 	100 
EXT_EU,TOTAL,EXP,TOTAL,UK	100 	100 	100 
EXT_EU,TOTAL,IMP,SITC0-4A,AT	100 	100 	100 
EXT_EU,TOTAL,IMP,SITC0-4A,BE	100 	100 	100 
EXT_EU,TOTAL,IMP,SITC0-4A,BG	100 	100 	100 
EXT_EU,TOTAL,IMP,SITC0-4A,CY	100 	100 	100 
EXT_EU,TOTAL,IMP,SITC0-4A,CZ	100 	100 	100 
EXT_EU,TOTAL,IMP,SITC0-4A,DE	100 	100 	100 
EXT_EU,TOTAL,IMP,SITC0-4A,DK	100 	100 	100 
EXT_EU,TOTAL,IMP,SITC0-4A,EA	100 	100 	100 
EXT_EU,TOTAL,IMP,SITC0-4A,EE	100 	100 	100 
EXT_EU,TOTAL,IMP,SITC0-4A,EL	100 	100 	100 
EXT_EU,TOTAL,IMP,SITC0-4A,ES	100 	100 	100 
EXT_EU,TOTAL,IMP,SITC0-4A,EU	100 	100 	100 
EXT_EU,TOTAL,IMP,SITC0-4A,FI	100 	100 	100 
EXT_EU,TOTAL,IMP,SITC0-4A,FR	100 	100 	100 
EXT_EU,TOTAL,IMP,SITC0-4A,HR	100 	: 	: 
EXT_EU,TOTAL,IMP,SITC0-4A,HU	100 	100 	100 
EXT_EU,TOTAL,IMP,SITC0-4A,IE	100 	100 	100 
EXT_EU,TOTAL,IMP,SITC0-4A,IT	100 	100 	100 
EXT_EU,TOTAL,IMP,SITC0-4A,LT	100 	100 	100 
EXT_EU,TOTAL,IMP,SITC0-4A,LU	100 	100 	100 
EXT_EU,TOTAL,IMP,SITC0-4A,LV	100 	100 	100 
EXT_EU,TOTAL,IMP,SITC0-4A,MT	100 	100 	100 
EXT_EU,TOTAL,IMP,SITC0-4A,NL	100 	100 	100 
EXT_EU,TOTAL,IMP,SITC0-4A,PL	100 	100 	100 
EXT_EU,TOTAL,IMP,SITC0-4A,PT	100 	100 	100 
EXT_EU,TOTAL,IMP,SITC0-4A,RO	100 	100 	100 
EXT_EU,TOTAL,IMP,SITC0-4A,SE	100 	100 	100 
EXT_EU,TOTAL,IMP,SITC0-4A,SI	100 	100 	100 
EXT_EU,TOTAL,IMP,SITC0-4A,SK	100 	100 	100 
EXT_EU,TOTAL,IMP,SITC0-4A,UK	100 	100 	100 
EXT_EU,TOTAL,IMP,SITC33,AT	100 	100 	100 
EXT_EU,TOTAL,IMP,SITC33,BE	100 	100 	100 
EXT_EU,TOTAL,IMP,SITC33,BG	100 	100 	100 
EXT_EU,TOTAL,IMP,SITC33,CY	100 	100 	100 
EXT_EU,TOTAL,IMP,SITC33,CZ	100 	100 	100 
EXT_EU,TOTAL,IMP,SITC33,DE	100 	100 	100 
EXT_EU,TOTAL,IMP,SITC33,DK	100 	100 	100 
EXT_EU,TOTAL,IMP,SITC33,EA	100 	100 	100 
EXT_EU,TOTAL,IMP,SITC33,EE	100 	100 	100 
EXT_EU,TOTAL,IMP,SITC33,EL	100 	100 	100 
EXT_EU,TOTAL,IMP,SITC33,ES	100 	100 	100 
EXT_EU,TOTAL,IMP,SITC33,EU	100 	100 	100 
EXT_EU,TOTAL,IMP,SITC33,FI	100 	100 	100 
EXT_EU,TOTAL,IMP,SITC33,FR	100 	100 	100 
EXT_EU,TOTAL,IMP,SITC33,HR	100 	: 	: 
EXT_EU,TOTAL,IMP,SITC33,HU	100 	100 	100 
EXT_EU,TOTAL,IMP,SITC33,IE	100 	100 	100 
EXT_EU,TOTAL,IMP,SITC33,IT	100 	100 	100 
EXT_EU,TOTAL,IMP,SITC33,LT	100 	100 	100 
EXT_EU,TOTAL,IMP,SITC33,LU	100 	100 	100 
EXT_EU,TOTAL,IMP,SITC33,LV	100 	100 	100 
EXT_EU,TOTAL,IMP,SITC33,MT	100 	100 	100 
EXT_EU,TOTAL,IMP,SITC33,NL	100 	100 	100 
EXT_EU,TOTAL,IMP,SITC33,PL	100 	100 	100 
EXT_EU,TOTAL,IMP,SITC33,PT	100 	100 	100 
EXT_EU,TOTAL,IMP,SITC33,RO	100 	100 	100 
EXT_EU,TOTAL,IMP,SITC33,SE	100 	100 	100 
EXT_EU,TOTAL,IMP,SITC33,SI	100 	100 	100 
EXT_EU,TOTAL,IMP,SITC33,SK	100 	100 	100 
EXT_EU,TOTAL,IMP,SITC33,UK	100 	100 	100 
EXT_EU,TOTAL,IMP,SITC5-8,AT	100 	100 	100 
EXT_EU,TOTAL,IMP,SITC5-8,BE	100 	100 	100 
EXT_EU,TOTAL,IMP,SITC5-8,BG	100 	100 	100 
EXT_EU,TOTAL,IMP,SITC5-8,CY	100 	100 	100 
EXT_EU,TOTAL,IMP,SITC5-8,CZ	100 	100 	100 
EXT_EU,TOTAL,IMP,SITC5-8,DE	100 	100 	100 
EXT_EU,TOTAL,IMP,SITC5-8,DK	100 	100 	100 
EXT_EU,TOTAL,IMP,SITC5-8,EA	100 	100 	100 
EXT_EU,TOTAL,IMP,SITC5-8,EE	100 	100 	100 
EXT_EU,TOTAL,IMP,SITC5-8,EL	100 	100 	100 
EXT_EU,TOTAL,IMP,SITC5-8,ES	100 	100 	100 
EXT_EU,TOTAL,IMP,SITC5-8,EU	100 	100 	100 
EXT_EU,TOTAL,IMP,SITC5-8,FI	100 	100 	100 
EXT_EU,TOTAL,IMP,SITC5-8,FR	100 	100 	100 
EXT_EU,TOTAL,IMP,SITC5-8,HR	100 	: 	: 
EXT_EU,TOTAL,IMP,SITC5-8,HU	100 	100 	100 
EXT_EU,TOTAL,IMP,SITC5-8,IE	100 	100 	100 
EXT_EU,TOTAL,IMP,SITC5-8,IT	100 	100 	100 
EXT_EU,TOTAL,IMP,SITC5-8,LT	100 	100 	100 
EXT_EU,TOTAL,IMP,SITC5-8,LU	100 	100 	100 
EXT_EU,TOTAL,IMP,SITC5-8,LV	100 	100 	100 
EXT_EU,TOTAL,IMP,SITC5-8,MT	100 	100 	100 
EXT_EU,TOTAL,IMP,SITC5-8,NL	100 	100 	100 
EXT_EU,TOTAL,IMP,SITC5-8,PL	100 	100 	100 
EXT_EU,TOTAL,IMP,SITC5-8,PT	100 	100 	100 
EXT_EU,TOTAL,IMP,SITC5-8,RO	100 	100 	100 
EXT_EU,TOTAL,IMP,SITC5-8,SE	100 	100 	100 
EXT_EU,TOTAL,IMP,SITC5-8,SI	100 	100 	100 
EXT_EU,TOTAL,IMP,SITC5-8,SK	100 	100 	100 
EXT_EU,TOTAL,IMP,SITC5-8,UK	100 	100 	100 
EXT_EU,TOTAL,IMP,TOTAL,AT	100 	100 	100 
EXT_EU,TOTAL,IMP,TOTAL,BE	100 	100 	100 
EXT_EU,TOTAL,IMP,TOTAL,BG	100 	100 	100 
EXT_EU,TOTAL,IMP,TOTAL,CY	100 	100 	100 
EXT_EU,TOTAL,IMP,TOTAL,CZ	100 	100 	100 
EXT_EU,TOTAL,IMP,TOTAL,DE	100 	100 	100 
EXT_EU,TOTAL,IMP,TOTAL,DK	100 	100 	100 
EXT_EU,TOTAL,IMP,TOTAL,EA	100 	100 	100 
EXT_EU,TOTAL,IMP,TOTAL,EE	100 	100 	100 
EXT_EU,TOTAL,IMP,TOTAL,EL	100 	100 	100 
EXT_EU,TOTAL,IMP,TOTAL,ES	100 	100 	100 
EXT_EU,TOTAL,IMP,TOTAL,EU	100 	100 	100 
EXT_EU,TOTAL,IMP,TOTAL,FI	100 	100 	100 
EXT_EU,TOTAL,IMP,TOTAL,FR	100 	100 	100 
EXT_EU,TOTAL,IMP,TOTAL,HR	100 	: 	: 
EXT_EU,TOTAL,IMP,TOTAL,HU	100 	100 	100 
EXT_EU,TOTAL,IMP,TOTAL,IE	100 	100 	100 
EXT_EU,TOTAL,IMP,TOTAL,IT	100 	100 	100 
EXT_EU,TOTAL,IMP,TOTAL,LT	100 	100 	100 
EXT_EU,TOTAL,IMP,TOTAL,LU	100 	100 	100 
EXT_EU,TOTAL,IMP,TOTAL,LV	100 	100 	100 
EXT_EU,TOTAL,IMP,TOTAL,MT	100 	100 	100 
EXT_EU,TOTAL,IMP,TOTAL,NL	100 	100 	100 
EXT_EU,TOTAL,IMP,TOTAL,PL	100 	100 	100 
EXT_EU,TOTAL,IMP,TOTAL,PT	100 	100 	100 
EXT_EU,TOTAL,IMP,TOTAL,RO	100 	100 	100 
EXT_EU,TOTAL,IMP,TOTAL,SE	100 	100 	100 
EXT_EU,TOTAL,IMP,TOTAL,SI	100 	100 	100 
EXT_EU,TOTAL,IMP,TOTAL,SK	100 	100 	100 
EXT_EU,TOTAL,IMP,TOTAL,UK	100 	100 	100 
EXT_EU,USD,EXP,SITC0-4A,AT	27.6 	29.4 	27.4 
EXT_EU,USD,EXP,SITC0-4A,BE	43.8 	12.7 	5.1 
EXT_EU,USD,EXP,SITC0-4A,BG	40.3 	53.4 	45.7 
EXT_EU,USD,EXP,SITC0-4A,CY	20.9 	39.1 	38.4 
EXT_EU,USD,EXP,SITC0-4A,CZ	33.6 	26.4 	29 
EXT_EU,USD,EXP,SITC0-4A,DE	33.2 	34.7 	30.5 
EXT_EU,USD,EXP,SITC0-4A,DK	34.6 	36.3 	31.4 
EXT_EU,USD,EXP,SITC0-4A,EA	33.8 	30.2 	29.3 
EXT_EU,USD,EXP,SITC0-4A,EE	17.9 	22.7 	20.3 
EXT_EU,USD,EXP,SITC0-4A,EL	39 	40.3 	40.5 
EXT_EU,USD,EXP,SITC0-4A,ES	35.9 	34.3 	22.3 
EXT_EU,USD,EXP,SITC0-4A,EU	32.9 	29.8 	28.9 
EXT_EU,USD,EXP,SITC0-4A,FI	49.7 	41.4 	38.6 
EXT_EU,USD,EXP,SITC0-4A,FR	30.6 	31.9 	35.3 
EXT_EU,USD,EXP,SITC0-4A,HR	13.8 	: 	: 
EXT_EU,USD,EXP,SITC0-4A,HU	33.5 	19 	21.7 
EXT_EU,USD,EXP,SITC0-4A,IE	46.5 	50.2 	48.7 
EXT_EU,USD,EXP,SITC0-4A,IT	22.3 	22.2 	24.3 
EXT_EU,USD,EXP,SITC0-4A,LT	14.7 	12 	15.5 
EXT_EU,USD,EXP,SITC0-4A,LU	0.8 	3.3 	4.1 
EXT_EU,USD,EXP,SITC0-4A,LV	22.5 	24.2 	21.5 
EXT_EU,USD,EXP,SITC0-4A,MT	41.5 	42.3 	42.4 
EXT_EU,USD,EXP,SITC0-4A,NL	39.2 	41 	42.5 
EXT_EU,USD,EXP,SITC0-4A,PL	0 	0 	0.2 
EXT_EU,USD,EXP,SITC0-4A,PT	24.7 	25.3 	19.8 
EXT_EU,USD,EXP,SITC0-4A,RO	53.7 	55.6 	61.7 
EXT_EU,USD,EXP,SITC0-4A,SE	47 	41.2 	16.9 
EXT_EU,USD,EXP,SITC0-4A,SI	11.2 	7.1 	7 
EXT_EU,USD,EXP,SITC0-4A,SK	4.9 	3.2 	3.4 
EXT_EU,USD,EXP,SITC0-4A,UK	31.1 	28 	33 
EXT_EU,USD,EXP,SITC33,AT	29.1 	33 	5.8 
EXT_EU,USD,EXP,SITC33,BE	81.5 	82 	77.5 
EXT_EU,USD,EXP,SITC33,BG	99.2 	97.9 	96.8 
EXT_EU,USD,EXP,SITC33,CY	53.9 	43.9 	26.8 
EXT_EU,USD,EXP,SITC33,CZ	33 	17.1 	26.6 
EXT_EU,USD,EXP,SITC33,DE	23.7 	36.9 	48 
EXT_EU,USD,EXP,SITC33,DK	93.2 	94.8 	89.7 
EXT_EU,USD,EXP,SITC33,EA	65.7 	62.5 	72.5 
EXT_EU,USD,EXP,SITC33,EE	89.9 	89.8 	96.1 
EXT_EU,USD,EXP,SITC33,EL	92.9 	85 	87.2 
EXT_EU,USD,EXP,SITC33,ES	82.7 	86.1 	69.4 
EXT_EU,USD,EXP,SITC33,EU	63.3 	59.2 	66 
EXT_EU,USD,EXP,SITC33,FI	89 	74.9 	89.9 
EXT_EU,USD,EXP,SITC33,FR	90.6 	66.3 	92.5 
EXT_EU,USD,EXP,SITC33,HR	16.8 	: 	: 
EXT_EU,USD,EXP,SITC33,HU	30.4 	43.4 	38.9 
EXT_EU,USD,EXP,SITC33,IE	100 	100 	99.8 
EXT_EU,USD,EXP,SITC33,IT	93.8 	77.8 	83.4 
EXT_EU,USD,EXP,SITC33,LT	97.5 	95.8 	98.9 
EXT_EU,USD,EXP,SITC33,LU	15.2 	4.9 	1.9 
EXT_EU,USD,EXP,SITC33,LV	43.2 	92.7 	85.3 
EXT_EU,USD,EXP,SITC33,MT	93.3 	100 	58.3 
EXT_EU,USD,EXP,SITC33,NL	24.3 	27.8 	41.3 
EXT_EU,USD,EXP,SITC33,PL	0 	0 	0.2 
EXT_EU,USD,EXP,SITC33,PT	72.2 	72.3 	62.5 
EXT_EU,USD,EXP,SITC33,RO	98 	98.6 	98.5 
EXT_EU,USD,EXP,SITC33,SE	86.1 	57.6 	17.9 
EXT_EU,USD,EXP,SITC33,SI	2.5 	22.9 	31 
EXT_EU,USD,EXP,SITC33,SK	70.4 	51.6 	56.2 
EXT_EU,USD,EXP,SITC33,UK	21.8 	22.3 	27.6 
EXT_EU,USD,EXP,SITC5-8,AT	19.8 	18 	18 
EXT_EU,USD,EXP,SITC5-8,BE	40.7 	36.9 	38 
EXT_EU,USD,EXP,SITC5-8,BG	40.3 	41.7 	39.8 
EXT_EU,USD,EXP,SITC5-8,CY	33.2 	44.7 	36.6 
EXT_EU,USD,EXP,SITC5-8,CZ	34.3 	33.9 	34.5 
EXT_EU,USD,EXP,SITC5-8,DE	26 	25.3 	25.3 
EXT_EU,USD,EXP,SITC5-8,DK	31.2 	30.8 	27.7 
EXT_EU,USD,EXP,SITC5-8,EA	29.6 	29.1 	30 
EXT_EU,USD,EXP,SITC5-8,EE	18.1 	20.6 	28.9 
EXT_EU,USD,EXP,SITC5-8,EL	30.3 	29.2 	28.7 
EXT_EU,USD,EXP,SITC5-8,ES	22.6 	23.8 	21.3 
EXT_EU,USD,EXP,SITC5-8,EU	29.6 	29.2 	29 
EXT_EU,USD,EXP,SITC5-8,FI	25.6 	23.3 	43.5 
EXT_EU,USD,EXP,SITC5-8,FR	38.3 	38 	38.4 
EXT_EU,USD,EXP,SITC5-8,HR	11.7 	: 	: 
EXT_EU,USD,EXP,SITC5-8,HU	30.3 	39.6 	42.5 
EXT_EU,USD,EXP,SITC5-8,IE	66.9 	67.8 	73.6 
EXT_EU,USD,EXP,SITC5-8,IT	20.2 	20.7 	20.3 
EXT_EU,USD,EXP,SITC5-8,LT	16.9 	15.4 	14 
EXT_EU,USD,EXP,SITC5-8,LU	26.6 	21.1 	24.6 
EXT_EU,USD,EXP,SITC5-8,LV	19.3 	17 	15.9 
EXT_EU,USD,EXP,SITC5-8,MT	66.9 	71.6 	74.8 
EXT_EU,USD,EXP,SITC5-8,NL	38.6 	40.2 	37 
EXT_EU,USD,EXP,SITC5-8,PL	0 	0 	0.1 
EXT_EU,USD,EXP,SITC5-8,PT	22 	24.3 	23.1 
EXT_EU,USD,EXP,SITC5-8,RO	22 	24.8 	27.2 
EXT_EU,USD,EXP,SITC5-8,SE	30.8 	24.2 	10.9 
EXT_EU,USD,EXP,SITC5-8,SI	11.4 	8.8 	9.1 
EXT_EU,USD,EXP,SITC5-8,SK	9.8 	9.2 	16.9 
EXT_EU,USD,EXP,SITC5-8,UK	36.3 	35.8 	31.7 
EXT_EU,USD,EXP,TOTAL,AT	20.7 	19.1 	18.6 
EXT_EU,USD,EXP,TOTAL,BE	47.3 	36.7 	38.3 
EXT_EU,USD,EXP,TOTAL,BG	54.7 	60.6 	54.5 
EXT_EU,USD,EXP,TOTAL,CY	32.3 	41.6 	35.8 
EXT_EU,USD,EXP,TOTAL,CZ	34.3 	33.5 	34.2 
EXT_EU,USD,EXP,TOTAL,DE	26.1 	25.6 	25.5 
EXT_EU,USD,EXP,TOTAL,DK	33.2 	33.7 	29.6 
EXT_EU,USD,EXP,TOTAL,EA	32 	31.3 	32.5 
EXT_EU,USD,EXP,TOTAL,EE	27.6 	35.7 	45.1 
EXT_EU,USD,EXP,TOTAL,EL	66.7 	62.4 	54.7 
EXT_EU,USD,EXP,TOTAL,ES	32.9 	35.3 	28.6 
EXT_EU,USD,EXP,TOTAL,EU	32 	31.1 	31.2 
EXT_EU,USD,EXP,TOTAL,FI	33.2 	29.1 	44.9 
EXT_EU,USD,EXP,TOTAL,FR	38.7 	38.5 	40 
EXT_EU,USD,EXP,TOTAL,HR	12.9 	: 	: 
EXT_EU,USD,EXP,TOTAL,HU	30.7 	37.2 	40.6 
EXT_EU,USD,EXP,TOTAL,IE	65.8 	66.9 	73.7 
EXT_EU,USD,EXP,TOTAL,IT	23.9 	24.3 	24 
EXT_EU,USD,EXP,TOTAL,LT	27.8 	24.1 	30.7 
EXT_EU,USD,EXP,TOTAL,LU	29.9 	23.1 	24.2 
EXT_EU,USD,EXP,TOTAL,LV	20.8 	23.1 	19 
EXT_EU,USD,EXP,TOTAL,MT	62.6 	78.1 	66.9 
EXT_EU,USD,EXP,TOTAL,NL	36 	37.6 	38.3 
EXT_EU,USD,EXP,TOTAL,PL	0 	0 	0.1 
EXT_EU,USD,EXP,TOTAL,PT	28.9 	31.9 	28.5 
EXT_EU,USD,EXP,TOTAL,RO	39.3 	40.6 	41.4 
EXT_EU,USD,EXP,TOTAL,SE	35 	27.7 	11.8 
EXT_EU,USD,EXP,TOTAL,SI	11.3 	9 	9.5 
EXT_EU,USD,EXP,TOTAL,SK	9.8 	9.2 	16.6 
EXT_EU,USD,EXP,TOTAL,UK	35.9 	33.8 	31.4 
EXT_EU,USD,IMP,SITC0-4A,AT	24.9 	17.6 	22 
EXT_EU,USD,IMP,SITC0-4A,BE	44.5 	42.6 	31.8 
EXT_EU,USD,IMP,SITC0-4A,BG	82.1 	48.3 	82.4 
EXT_EU,USD,IMP,SITC0-4A,CY	55.5 	59.4 	62.5 
EXT_EU,USD,IMP,SITC0-4A,CZ	35.5 	73.2 	68.8 
EXT_EU,USD,IMP,SITC0-4A,DE	35.3 	32.3 	34.5 
EXT_EU,USD,IMP,SITC0-4A,DK	37.8 	41.7 	39.6 
EXT_EU,USD,IMP,SITC0-4A,EA	45.6 	45.4 	41.9 
EXT_EU,USD,IMP,SITC0-4A,EE	17.7 	21.2 	17.9 
EXT_EU,USD,IMP,SITC0-4A,EL	71.2 	75.4 	67 
EXT_EU,USD,IMP,SITC0-4A,ES	59.8 	59.5 	57.5 
EXT_EU,USD,IMP,SITC0-4A,EU	46.3 	46.9 	44 
EXT_EU,USD,IMP,SITC0-4A,FI	53.9 	54 	31.7 
EXT_EU,USD,IMP,SITC0-4A,FR	46.5 	47.3 	40.2 
EXT_EU,USD,IMP,SITC0-4A,HR	25.7 	: 	: 
EXT_EU,USD,IMP,SITC0-4A,HU	73.2 	74.8 	83.4 
EXT_EU,USD,IMP,SITC0-4A,IE	67.3 	73 	63.2 
EXT_EU,USD,IMP,SITC0-4A,IT	41.5 	37.9 	38.8 
EXT_EU,USD,IMP,SITC0-4A,LT	26.8 	23.2 	24.3 
EXT_EU,USD,IMP,SITC0-4A,LU	34.3 	26.3 	44.6 
EXT_EU,USD,IMP,SITC0-4A,LV	19.5 	15.6 	20.8 
EXT_EU,USD,IMP,SITC0-4A,MT	60.5 	58.9 	54.3 
EXT_EU,USD,IMP,SITC0-4A,NL	49.7 	58.3 	49.1 
EXT_EU,USD,IMP,SITC0-4A,PL	60.6 	56.1 	55.2 
EXT_EU,USD,IMP,SITC0-4A,PT	56.6 	63.7 	65.7 
EXT_EU,USD,IMP,SITC0-4A,RO	48.5 	34.8 	36.2 
EXT_EU,USD,IMP,SITC0-4A,SE	33.5 	39.5 	38.3 
EXT_EU,USD,IMP,SITC0-4A,SI	30.3 	43.7 	44.7 
EXT_EU,USD,IMP,SITC0-4A,SK	54.5 	76.6 	90.6 
EXT_EU,USD,IMP,SITC0-4A,UK	50.4 	56.3 	50.5 
EXT_EU,USD,IMP,SITC33,AT	0.1 	0 	0.1 
EXT_EU,USD,IMP,SITC33,BE	95.2 	97.7 	84.2 
EXT_EU,USD,IMP,SITC33,BG	99.5 	99.7 	99.6 
EXT_EU,USD,IMP,SITC33,CY	89 	93.9 	95.9 
EXT_EU,USD,IMP,SITC33,CZ	82.1 	81.7 	92.4 
EXT_EU,USD,IMP,SITC33,DE	49.2 	50.2 	50.2 
EXT_EU,USD,IMP,SITC33,DK	98.6 	98 	98.6 
EXT_EU,USD,IMP,SITC33,EA	84.3 	76.7 	76.3 
EXT_EU,USD,IMP,SITC33,EE	95.3 	85.4 	95.6 
EXT_EU,USD,IMP,SITC33,EL	99.2 	99.7 	94.5 
EXT_EU,USD,IMP,SITC33,ES	96.6 	60.8 	62.1 
EXT_EU,USD,IMP,SITC33,EU	87.5 	81.6 	79.2 
EXT_EU,USD,IMP,SITC33,FI	99.9 	99.1 	99.2 
EXT_EU,USD,IMP,SITC33,FR	83.1 	82.7 	92.8 
EXT_EU,USD,IMP,SITC33,HR	98.8 	: 	: 
EXT_EU,USD,IMP,SITC33,HU	98.8 	99.8 	99.9 
EXT_EU,USD,IMP,SITC33,IE	93.3 	81.6 	82 
EXT_EU,USD,IMP,SITC33,IT	99.2 	71.8 	66.9 
EXT_EU,USD,IMP,SITC33,LT	96.1 	97.9 	99.1 
EXT_EU,USD,IMP,SITC33,LU	50.9 	9.5 	27.9 
EXT_EU,USD,IMP,SITC33,LV	75.8 	80.5 	80.5 
EXT_EU,USD,IMP,SITC33,MT	94.4 	92.1 	78.3 
EXT_EU,USD,IMP,SITC33,NL	93.2 	95.5 	91.7 
EXT_EU,USD,IMP,SITC33,PL	98.8 	98.9 	99 
EXT_EU,USD,IMP,SITC33,PT	99.9 	98.7 	96.9 
EXT_EU,USD,IMP,SITC33,RO	99.8 	99.8 	98.9 
EXT_EU,USD,IMP,SITC33,SE	94 	96 	22.2 
EXT_EU,USD,IMP,SITC33,SI	74.8 	92.7 	85 
EXT_EU,USD,IMP,SITC33,SK	100 	99.9 	99.5 
EXT_EU,USD,IMP,SITC33,UK	99.3 	99 	99 
EXT_EU,USD,IMP,SITC5-8,AT	32.2 	32.5 	33.3 
EXT_EU,USD,IMP,SITC5-8,BE	60.9 	58.7 	53.3 
EXT_EU,USD,IMP,SITC5-8,BG	38.8 	38.5 	36.5 
EXT_EU,USD,IMP,SITC5-8,CY	43.7 	58.3 	55.1 
EXT_EU,USD,IMP,SITC5-8,CZ	62.9 	62.6 	62.7 
EXT_EU,USD,IMP,SITC5-8,DE	44.6 	43.8 	46.1 
EXT_EU,USD,IMP,SITC5-8,DK	44.8 	54.3 	48.8 
EXT_EU,USD,IMP,SITC5-8,EA	48.5 	49 	48.4 
EXT_EU,USD,IMP,SITC5-8,EE	60.2 	58 	53.1 
EXT_EU,USD,IMP,SITC5-8,EL	57.6 	55.4 	58.5 
EXT_EU,USD,IMP,SITC5-8,ES	45.7 	46.4 	43 
EXT_EU,USD,IMP,SITC5-8,EU	50.7 	51.1 	50.9 
EXT_EU,USD,IMP,SITC5-8,FI	49.9 	44.9 	35.7 
EXT_EU,USD,IMP,SITC5-8,FR	45.5 	44.8 	45.1 
EXT_EU,USD,IMP,SITC5-8,HR	36.6 	: 	: 
EXT_EU,USD,IMP,SITC5-8,HU	57.4 	61.7 	53.1 
EXT_EU,USD,IMP,SITC5-8,IE	68 	77.6 	76 
EXT_EU,USD,IMP,SITC5-8,IT	44.5 	43.6 	42.3 
EXT_EU,USD,IMP,SITC5-8,LT	51.7 	44.3 	51.8 
EXT_EU,USD,IMP,SITC5-8,LU	55.5 	63 	59.8 
EXT_EU,USD,IMP,SITC5-8,LV	34.6 	35 	35 
EXT_EU,USD,IMP,SITC5-8,MT	52.3 	58.8 	62.3 
EXT_EU,USD,IMP,SITC5-8,NL	54.5 	59.4 	58.5 
EXT_EU,USD,IMP,SITC5-8,PL	60 	62.5 	63.3 
EXT_EU,USD,IMP,SITC5-8,PT	48.4 	46.4 	41.1 
EXT_EU,USD,IMP,SITC5-8,RO	43.7 	42.4 	50.5 
EXT_EU,USD,IMP,SITC5-8,SE	43.8 	46 	46.2 
EXT_EU,USD,IMP,SITC5-8,SI	25 	25 	24.4 
EXT_EU,USD,IMP,SITC5-8,SK	23.2 	29.3 	26.7 
EXT_EU,USD,IMP,SITC5-8,UK	60.2 	58.8 	61.6 
EXT_EU,USD,IMP,TOTAL,AT	25.4 	22.9 	25.6 
EXT_EU,USD,IMP,TOTAL,BE	62 	59.7 	51.3 
EXT_EU,USD,IMP,TOTAL,BG	68.4 	65 	71.9 
EXT_EU,USD,IMP,TOTAL,CY	59.9 	75.4 	70.2 
EXT_EU,USD,IMP,TOTAL,CZ	63.2 	67.3 	67.7 
EXT_EU,USD,IMP,TOTAL,DE	43.7 	42.9 	44.9 
EXT_EU,USD,IMP,TOTAL,DK	51.1 	58 	51.4 
EXT_EU,USD,IMP,TOTAL,EA	55.6 	55.1 	52.7 
EXT_EU,USD,IMP,TOTAL,EE	60 	57.2 	57.6 
EXT_EU,USD,IMP,TOTAL,EL	82.3 	83.2 	75 
EXT_EU,USD,IMP,TOTAL,ES	65.4 	54.9 	51.9 
EXT_EU,USD,IMP,TOTAL,EU	57.9 	58 	55.1 
EXT_EU,USD,IMP,TOTAL,FI	70.6 	69.5 	55 
EXT_EU,USD,IMP,TOTAL,FR	55.6 	56 	56.5 
EXT_EU,USD,IMP,TOTAL,HR	58 	: 	: 
EXT_EU,USD,IMP,TOTAL,HU	67.2 	70.7 	63.4 
EXT_EU,USD,IMP,TOTAL,IE	70.5 	77.9 	76.7 
EXT_EU,USD,IMP,TOTAL,IT	56.6 	50.5 	47.8 
EXT_EU,USD,IMP,TOTAL,LT	69.2 	70.7 	73.2 
EXT_EU,USD,IMP,TOTAL,LU	53.9 	62.2 	58.3 
EXT_EU,USD,IMP,TOTAL,LV	34.1 	34.3 	35.9 
EXT_EU,USD,IMP,TOTAL,MT	62 	61.9 	63.1 
EXT_EU,USD,IMP,TOTAL,NL	62.7 	69.5 	63.9 
EXT_EU,USD,IMP,TOTAL,PL	67 	68.6 	67 
EXT_EU,USD,IMP,TOTAL,PT	72.8 	76 	68.4 
EXT_EU,USD,IMP,TOTAL,RO	60.7 	57.2 	59.5 
EXT_EU,USD,IMP,TOTAL,SE	54.4 	58.1 	39.7 
EXT_EU,USD,IMP,TOTAL,SI	32.2 	37.2 	35.2 
EXT_EU,USD,IMP,TOTAL,SK	42.6 	52.9 	51.2 
EXT_EU,USD,IMP,TOTAL,UK	66.4 	67.2 	65.3 
WORLD,EUR,EXP,SITC0-4A,CH	38.8 	23.8 	: 
WORLD,EUR,EXP,SITC0-4A,IS	38.2 	35.7 	39.2 
WORLD,EUR,EXP,SITC0-4A,NO	77.1 	77.1 	73.4 
WORLD,EUR,EXP,SITC33,CH	4.7 	5.8 	: 
WORLD,EUR,EXP,SITC33,IS	0.4 	0.2 	0.2 
WORLD,EUR,EXP,SITC33,NO	0.2 	0.2 	0.3 
WORLD,EUR,EXP,SITC5-8,CH	34.7 	30 	: 
WORLD,EUR,EXP,SITC5-8,IS	18.7 	20.1 	18.2 
WORLD,EUR,EXP,SITC5-8,NO	31.8 	31.8 	34.2 
WORLD,EUR,EXP,TOTAL,CH	26.9 	21.9 	: 
WORLD,EUR,EXP,TOTAL,IS	27.2 	27 	27 
WORLD,EUR,EXP,TOTAL,NO	36.3 	36.3 	33 
WORLD,EUR,IMP,SITC0-4A,CH	55.4 	47.2 	: 
WORLD,EUR,IMP,SITC0-4A,IS	23.8 	22.2 	20.2 
WORLD,EUR,IMP,SITC0-4A,NO	29.4 	29.4 	32 
WORLD,EUR,IMP,SITC33,CH	43.5 	52.4 	: 
WORLD,EUR,IMP,SITC33,IS	1.2 	1.5 	1.8 
WORLD,EUR,IMP,SITC33,NO	4.3 	4.3 	4 
WORLD,EUR,IMP,SITC5-8,CH	53.5 	54.9 	: 
WORLD,EUR,IMP,SITC5-8,IS	46.3 	45.7 	45.2 
WORLD,EUR,IMP,SITC5-8,NO	36.4 	36.4 	35.5 
WORLD,EUR,IMP,TOTAL,CH	42.5 	43.5 	: 
WORLD,EUR,IMP,TOTAL,IS	33.8 	33.9 	33.1 
WORLD,EUR,IMP,TOTAL,NO	33.4 	33.4 	33.3 
WORLD,EU_OTH,EXP,SITC0-4A,CH	3.8 	2.6 	: 
WORLD,EU_OTH,EXP,SITC0-4A,IS	18.2 	18 	21.6 
WORLD,EU_OTH,EXP,SITC0-4A,NO	1.2 	1.2 	1.6 
WORLD,EU_OTH,EXP,SITC33,CH	0 	0 	: 
WORLD,EU_OTH,EXP,SITC33,IS	12 	12.7 	12 
WORLD,EU_OTH,EXP,SITC33,NO	0.3 	0.3 	0.1 
WORLD,EU_OTH,EXP,SITC5-8,CH	2.6 	2.8 	: 
WORLD,EU_OTH,EXP,SITC5-8,IS	1.3 	1.3 	1.2 
WORLD,EU_OTH,EXP,SITC5-8,NO	8.4 	8.4 	7.8 
WORLD,EU_OTH,EXP,TOTAL,CH	2 	2 	: 
WORLD,EU_OTH,EXP,TOTAL,IS	9.3 	9.3 	10.1 
WORLD,EU_OTH,EXP,TOTAL,NO	2.5 	2.5 	2.7 
WORLD,EU_OTH,IMP,SITC0-4A,CH	2 	1.5 	: 
WORLD,EU_OTH,IMP,SITC0-4A,IS	15.9 	12.9 	11.7 
WORLD,EU_OTH,IMP,SITC0-4A,NO	9.6 	9.6 	10 
WORLD,EU_OTH,IMP,SITC33,CH	0 	0 	: 
WORLD,EU_OTH,IMP,SITC33,IS	0.4 	0.4 	1 
WORLD,EU_OTH,IMP,SITC33,NO	1.8 	1.8 	1.9 
WORLD,EU_OTH,IMP,SITC5-8,CH	1.2 	1.2 	: 
WORLD,EU_OTH,IMP,SITC5-8,IS	18.9 	18.9 	21.2 
WORLD,EU_OTH,IMP,SITC5-8,NO	13.8 	13.8 	12.7 
WORLD,EU_OTH,IMP,TOTAL,CH	1 	1.1 	: 
WORLD,EU_OTH,IMP,TOTAL,IS	15.2 	14.8 	16.2 
WORLD,EU_OTH,IMP,TOTAL,NO	12.5 	12.5 	11.8 
WORLD,OTH,EXP,SITC0-4A,CH	46.3 	68.1 	: 
WORLD,OTH,EXP,SITC0-4A,IS	10.4 	12.4 	13.6 
WORLD,OTH,EXP,SITC0-4A,NO	5.2 	5.2 	7 
WORLD,OTH,EXP,SITC33,CH	46.8 	85.3 	: 
WORLD,OTH,EXP,SITC33,IS	1.2 	0.8 	3.1 
WORLD,OTH,EXP,SITC33,NO	0.1 	0.1 	0.1 
WORLD,OTH,EXP,SITC5-8,CH	43.2 	49.3 	: 
WORLD,OTH,EXP,SITC5-8,IS	4.5 	3.3 	3.5 
WORLD,OTH,EXP,SITC5-8,NO	23.7 	23.7 	22 
WORLD,OTH,EXP,TOTAL,CH	51.4 	58.2 	: 
WORLD,OTH,EXP,TOTAL,IS	7.1 	7.4 	7.8 
WORLD,OTH,EXP,TOTAL,NO	7.4 	7.4 	8.3 
WORLD,OTH,IMP,SITC0-4A,CH	33.4 	43.7 	: 
WORLD,OTH,IMP,SITC0-4A,IS	8.4 	8.7 	10.5 
WORLD,OTH,IMP,SITC0-4A,NO	19.5 	19.5 	17.2 
WORLD,OTH,IMP,SITC33,CH	55.6 	47.2 	: 
WORLD,OTH,IMP,SITC33,IS	27.4 	0.3 	0.1 
WORLD,OTH,IMP,SITC33,NO	5.5 	5.5 	5.8 
WORLD,OTH,IMP,SITC5-8,CH	31.6 	30.5 	: 
WORLD,OTH,IMP,SITC5-8,IS	14.5 	17.7 	14.9 
WORLD,OTH,IMP,SITC5-8,NO	32.6 	32.6 	31.4 
WORLD,OTH,IMP,TOTAL,CH	24.9 	22.9 	: 
WORLD,OTH,IMP,TOTAL,IS	15.3 	13.1 	11.9 
WORLD,OTH,IMP,TOTAL,NO	28.9 	28.9 	27.8 
WORLD,TOTAL,EXP,SITC0-4A,CH	100 	100 	: 
WORLD,TOTAL,EXP,SITC0-4A,IS	100 	100 	100 
WORLD,TOTAL,EXP,SITC0-4A,NO	100 	100 	100 
WORLD,TOTAL,EXP,SITC33,CH	100 	100 	: 
WORLD,TOTAL,EXP,SITC33,IS	100 	100 	100 
WORLD,TOTAL,EXP,SITC33,NO	100 	100 	100 
WORLD,TOTAL,EXP,SITC5-8,CH	100 	100 	: 
WORLD,TOTAL,EXP,SITC5-8,IS	100 	100 	100 
WORLD,TOTAL,EXP,SITC5-8,NO	100 	100 	100 
WORLD,TOTAL,EXP,TOTAL,CH	100 	100 	: 
WORLD,TOTAL,EXP,TOTAL,IS	100 	100 	100 
WORLD,TOTAL,EXP,TOTAL,NO	100 	100 	100 
WORLD,TOTAL,IMP,SITC0-4A,CH	100 	100 	: 
WORLD,TOTAL,IMP,SITC0-4A,IS	100 	100 	100 
WORLD,TOTAL,IMP,SITC0-4A,NO	100 	100 	100 
WORLD,TOTAL,IMP,SITC33,CH	100 	100 	: 
WORLD,TOTAL,IMP,SITC33,IS	100 	100 	100 
WORLD,TOTAL,IMP,SITC33,NO	100 	100 	100 
WORLD,TOTAL,IMP,SITC5-8,CH	100 	100 	: 
WORLD,TOTAL,IMP,SITC5-8,IS	100 	100 	100 
WORLD,TOTAL,IMP,SITC5-8,NO	100 	100 	100 
WORLD,TOTAL,IMP,TOTAL,CH	100 	100 	: 
WORLD,TOTAL,IMP,TOTAL,IS	100 	100 	100 
WORLD,TOTAL,IMP,TOTAL,NO	100 	100 	100 
WORLD,USD,EXP,SITC0-4A,CH	11.2 	5.5 	: 
WORLD,USD,EXP,SITC0-4A,IS	33.3 	33.9 	25.6 
WORLD,USD,EXP,SITC0-4A,NO	16.4 	16.4 	18 
WORLD,USD,EXP,SITC33,CH	48.5 	9 	: 
WORLD,USD,EXP,SITC33,IS	86.4 	86.3 	84.7 
WORLD,USD,EXP,SITC33,NO	99.4 	99.4 	99.5 
WORLD,USD,EXP,SITC5-8,CH	19.5 	18 	: 
WORLD,USD,EXP,SITC5-8,IS	75.5 	75.3 	77.2 
WORLD,USD,EXP,SITC5-8,NO	36 	36 	35.9 
WORLD,USD,EXP,TOTAL,CH	19.8 	18 	: 
WORLD,USD,EXP,TOTAL,IS	56.5 	56.3 	55.1 
WORLD,USD,EXP,TOTAL,NO	53.9 	53.9 	56 
WORLD,USD,IMP,SITC0-4A,CH	9.2 	7.7 	: 
WORLD,USD,IMP,SITC0-4A,IS	51.9 	56.2 	57.5 
WORLD,USD,IMP,SITC0-4A,NO	41.5 	41.5 	40.7 
WORLD,USD,IMP,SITC33,CH	0.9 	0.3 	: 
WORLD,USD,IMP,SITC33,IS	71 	97.8 	97.2 
WORLD,USD,IMP,SITC33,NO	88.4 	88.4 	88.4 
WORLD,USD,IMP,SITC5-8,CH	13.7 	13.4 	: 
WORLD,USD,IMP,SITC5-8,IS	20.3 	17.7 	18.7 
WORLD,USD,IMP,SITC5-8,NO	17.1 	17.1 	20.4 
WORLD,USD,IMP,TOTAL,CH	31.6 	32.5 	: 
WORLD,USD,IMP,TOTAL,IS	35.7 	38.1 	38.8 
WORLD,USD,IMP,TOTAL,NO	25.1 	25.1 	27.1 
